2026-08-17 17:44:10,699 - INFO - __main__ - Bot ishga tushmoqda...
2026-08-17 17:44:11,054 - INFO - aiogram.dispatcher - Start polling
2026-08-17 17:44:11,158 - INFO - aiogram.dispatcher - Run polling for bot @dream_avtoinstructor_bot id=8951252054 - 'Dream_avto.instructor'
2026-08-17 17:44:15,377 - ERROR - aiogram.dispatcher - Failed to fetch updates - TelegramConflictError: Telegram server says - Conflict: terminated by other getUpdates request; make sure that only one bot instance is running
2026-08-17 17:44:15,377 - WARNING - aiogram.dispatcher - Sleep for 1.000000 seconds and try again... (tryings = 0, bot id = 8951252054)
2026-08-17 17:44:20,915 - ERROR - aiogram.dispatcher - Failed to fetch updates - TelegramConflictError: Telegram server says - Conflict: terminated by other getUpdates request; make sure that only one bot instance is running
2026-08-17 17:44:20,915 - WARNING - aiogram.dispatcher - Sleep for 1.229715 seconds and try again... (tryings = 1, bot id = 8951252054)
2026-08-17 17:44:27,116 - ERROR - aiogram.dispatcher - Failed to fetch updates - TelegramConflictError: Telegram server says - Conflict: terminated by other getUpdates request; make sure that only one bot instance is running
2026-08-17 17:44:27,116 - WARNING - aiogram.dispatcher - Sleep for 1.697278 seconds and try again... (tryings = 2, bot id = 8951252054)
2026-08-17 17:44:34,215 - ERROR - aiogram.dispatcher - Failed to fetch updates - TelegramConflictError: Telegram server says - Conflict: terminated by other getUpdates request; make sure that only one bot instance is running
2026-08-17 17:44:34,215 - WARNING - aiogram.dispatcher - Sleep for 2.263092 seconds and try again... (tryings = 3, bot id = 8951252054)
2026-08-17 17:44:42,481 - ERROR - aiogram.dispatcher - Failed to fetch updates - TelegramConflictError: Telegram server says - Conflict: terminated by other getUpdates request; make sure that only one bot instance is running
2026-08-17 17:44:42,481 - WARNING - aiogram.dispatcher - Sleep for 3.115946 seconds and try again... (tryings = 4, bot id = 8951252054)
2026-08-17 17:44:49,583 - ERROR - aiogram.dispatcher - Failed to fetch updates - TelegramConflictError: Telegram server says - Conflict: terminated by other getUpdates request; make sure that only one bot instance is running
2026-08-17 17:44:49,583 - WARNING - aiogram.dispatcher - Sleep for 4.029321 seconds and try again... (tryings = 5, bot id = 8951252054)
2026-08-17 17:44:58,677 - ERROR - aiogram.dispatcher - Failed to fetch updates - TelegramConflictError: Telegram server says - Conflict: terminated by other getUpdates request; make sure that only one bot instance is running
2026-08-17 17:44:58,677 - WARNING - aiogram.dispatcher - Sleep for 5.101831 seconds and try again... (tryings = 6, bot id = 8951252054)
2026-08-17 17:45:09,001 - ERROR - aiogram.dispatcher - Failed to fetch updates - TelegramConflictError: Telegram server says - Conflict: terminated by other getUpdates request; make sure that only one bot instance is running
2026-08-17 17:45:09,001 - WARNING - aiogram.dispatcher - Sleep for 4.954737 seconds and try again... (tryings = 7, bot id = 8951252054)
2026-08-17 17:45:19,221 - ERROR - aiogram.dispatcher - Failed to fetch updates - TelegramConflictError: Telegram server says - Conflict: terminated by other getUpdates request; make sure that only one bot instance is running
2026-08-17 17:45:19,221 - WARNING - aiogram.dispatcher - Sleep for 4.991217 seconds and try again... (tryings = 8, bot id = 8951252054)
2026-08-17 17:45:29,382 - ERROR - aiogram.dispatcher - Failed to fetch updates - TelegramConflictError: Telegram server says - Conflict: terminated by other getUpdates request; make sure that only one bot instance is running
2026-08-17 17:45:29,384 - WARNING - aiogram.dispatcher - Sleep for 4.943022 seconds and try again... (tryings = 9, bot id = 8951252054)
2026-08-17 17:45:39,458 - ERROR - aiogram.dispatcher - Failed to fetch updates - TelegramConflictError: Telegram server says - Conflict: terminated by other getUpdates request; make sure that only one bot instance is running
2026-08-17 17:45:39,489 - WARNING - aiogram.dispatcher - Sleep for 4.754733 seconds and try again... (tryings = 10, bot id = 8951252054)
2026-08-17 17:45:49,414 - ERROR - aiogram.dispatcher - Failed to fetch updates - TelegramConflictError: Telegram server says - Conflict: terminated by other getUpdates request; make sure that only one bot instance is running
2026-08-17 17:45:49,414 - WARNING - aiogram.dispatcher - Sleep for 5.054133 seconds and try again... (tryings = 11, bot id = 8951252054)
2026-08-17 17:45:59,592 - ERROR - aiogram.dispatcher - Failed to fetch updates - TelegramConflictError: Telegram server says - Conflict: terminated by other getUpdates request; make sure that only one bot instance is running
2026-08-17 17:45:59,592 - WARNING - aiogram.dispatcher - Sleep for 4.909221 seconds and try again... (tryings = 12, bot id = 8951252054)
2026-08-17 17:46:09,595 - ERROR - aiogram.dispatcher - Failed to fetch updates - TelegramConflictError: Telegram server says - Conflict: terminated by other getUpdates request; make sure that only one bot instance is running
2026-08-17 17:46:09,595 - WARNING - aiogram.dispatcher - Sleep for 4.872049 seconds and try again... (tryings = 13, bot id = 8951252054)
2026-08-17 17:46:19,643 - ERROR - aiogram.dispatcher - Failed to fetch updates - TelegramConflictError: Telegram server says - Conflict: terminated by other getUpdates request; make sure that only one bot instance is running
2026-08-17 17:46:19,643 - WARNING - aiogram.dispatcher - Sleep for 4.768554 seconds and try again... (tryings = 14, bot id = 8951252054)
2026-08-17 17:46:29,557 - ERROR - aiogram.dispatcher - Failed to fetch updates - TelegramConflictError: Telegram server says - Conflict: terminated by other getUpdates request; make sure that only one bot instance is running
2026-08-17 17:46:29,557 - WARNING - aiogram.dispatcher - Sleep for 4.884678 seconds and try again... (tryings = 15, bot id = 8951252054)
2026-08-17 17:46:39,834 - ERROR - aiogram.dispatcher - Failed to fetch updates - TelegramConflictError: Telegram server says - Conflict: terminated by other getUpdates request; make sure that only one bot instance is running
2026-08-17 17:46:39,834 - WARNING - aiogram.dispatcher - Sleep for 4.875943 seconds and try again... (tryings = 16, bot id = 8951252054)
2026-08-17 17:46:49,858 - ERROR - aiogram.dispatcher - Failed to fetch updates - TelegramConflictError: Telegram server says - Conflict: terminated by other getUpdates request; make sure that only one bot instance is running
2026-08-17 17:46:49,858 - WARNING - aiogram.dispatcher - Sleep for 4.877883 seconds and try again... (tryings = 17, bot id = 8951252054)
2026-08-17 17:46:59,950 - ERROR - aiogram.dispatcher - Failed to fetch updates - TelegramConflictError: Telegram server says - Conflict: terminated by other getUpdates request; make sure that only one bot instance is running
2026-08-17 17:46:59,950 - WARNING - aiogram.dispatcher - Sleep for 5.027269 seconds and try again... (tryings = 18, bot id = 8951252054)
2026-08-17 17:47:10,321 - ERROR - aiogram.dispatcher - Failed to fetch updates - TelegramConflictError: Telegram server says - Conflict: terminated by other getUpdates request; make sure that only one bot instance is running
2026-08-17 17:47:10,321 - WARNING - aiogram.dispatcher - Sleep for 5.219409 seconds and try again... (tryings = 19, bot id = 8951252054)
2026-08-17 17:47:20,792 - ERROR - aiogram.dispatcher - Failed to fetch updates - TelegramConflictError: Telegram server says - Conflict: terminated by other getUpdates request; make sure that only one bot instance is running
2026-08-17 17:47:20,801 - WARNING - aiogram.dispatcher - Sleep for 5.007481 seconds and try again... (tryings = 20, bot id = 8951252054)
2026-08-17 17:47:30,993 - ERROR - aiogram.dispatcher - Failed to fetch updates - TelegramConflictError: Telegram server says - Conflict: terminated by other getUpdates request; make sure that only one bot instance is running
2026-08-17 17:47:30,993 - WARNING - aiogram.dispatcher - Sleep for 5.102067 seconds and try again... (tryings = 21, bot id = 8951252054)
2026-08-17 17:47:41,401 - ERROR - aiogram.dispatcher - Failed to fetch updates - TelegramConflictError: Telegram server says - Conflict: terminated by other getUpdates request; make sure that only one bot instance is running
2026-08-17 17:47:41,408 - WARNING - aiogram.dispatcher - Sleep for 4.951117 seconds and try again... (tryings = 22, bot id = 8951252054)
2026-08-17 17:47:51,319 - ERROR - aiogram.dispatcher - Failed to fetch updates - TelegramConflictError: Telegram server says - Conflict: terminated by other getUpdates request; make sure that only one bot instance is running
2026-08-17 17:47:51,319 - WARNING - aiogram.dispatcher - Sleep for 5.072688 seconds and try again... (tryings = 23, bot id = 8951252054)
2026-08-17 17:48:01,546 - ERROR - aiogram.dispatcher - Failed to fetch updates - TelegramConflictError: Telegram server says - Conflict: terminated by other getUpdates request; make sure that only one bot instance is running
2026-08-17 17:48:01,549 - WARNING - aiogram.dispatcher - Sleep for 4.871365 seconds and try again... (tryings = 24, bot id = 8951252054)
2026-08-17 17:48:11,751 - ERROR - aiogram.dispatcher - Failed to fetch updates - TelegramConflictError: Telegram server says - Conflict: terminated by other getUpdates request; make sure that only one bot instance is running
2026-08-17 17:48:11,751 - WARNING - aiogram.dispatcher - Sleep for 4.998447 seconds and try again... (tryings = 25, bot id = 8951252054)
2026-08-17 17:48:21,796 - ERROR - aiogram.dispatcher - Failed to fetch updates - TelegramConflictError: Telegram server says - Conflict: terminated by other getUpdates request; make sure that only one bot instance is running
2026-08-17 17:48:21,798 - WARNING - aiogram.dispatcher - Sleep for 5.002183 seconds and try again... (tryings = 26, bot id = 8951252054)
2026-08-17 17:48:31,885 - ERROR - aiogram.dispatcher - Failed to fetch updates - TelegramConflictError: Telegram server says - Conflict: terminated by other getUpdates request; make sure that only one bot instance is running
2026-08-17 17:48:31,885 - WARNING - aiogram.dispatcher - Sleep for 4.940226 seconds and try again... (tryings = 27, bot id = 8951252054)
2026-08-17 17:48:42,034 - ERROR - aiogram.dispatcher - Failed to fetch updates - TelegramConflictError: Telegram server says - Conflict: terminated by other getUpdates request; make sure that only one bot instance is running
2026-08-17 17:48:42,034 - WARNING - aiogram.dispatcher - Sleep for 4.990417 seconds and try again... (tryings = 28, bot id = 8951252054)
2026-08-17 17:48:52,189 - ERROR - aiogram.dispatcher - Failed to fetch updates - TelegramConflictError: Telegram server says - Conflict: terminated by other getUpdates request; make sure that only one bot instance is running
2026-08-17 17:48:52,189 - WARNING - aiogram.dispatcher - Sleep for 4.816021 seconds and try again... (tryings = 29, bot id = 8951252054)
2026-08-17 17:49:02,142 - ERROR - aiogram.dispatcher - Failed to fetch updates - TelegramConflictError: Telegram server says - Conflict: terminated by other getUpdates request; make sure that only one bot instance is running
2026-08-17 17:49:02,142 - WARNING - aiogram.dispatcher - Sleep for 4.998629 seconds and try again... (tryings = 30, bot id = 8951252054)
2026-08-17 17:49:12,431 - ERROR - aiogram.dispatcher - Failed to fetch updates - TelegramConflictError: Telegram server says - Conflict: terminated by other getUpdates request; make sure that only one bot instance is running
2026-08-17 17:49:12,441 - WARNING - aiogram.dispatcher - Sleep for 4.744939 seconds and try again... (tryings = 31, bot id = 8951252054)
2026-08-17 17:49:22,455 - ERROR - aiogram.dispatcher - Failed to fetch updates - TelegramConflictError: Telegram server says - Conflict: terminated by other getUpdates request; make sure that only one bot instance is running
2026-08-17 17:49:22,455 - WARNING - aiogram.dispatcher - Sleep for 4.858755 seconds and try again... (tryings = 32, bot id = 8951252054)
2026-08-17 17:49:32,664 - ERROR - aiogram.dispatcher - Failed to fetch updates - TelegramConflictError: Telegram server says - Conflict: terminated by other getUpdates request; make sure that only one bot instance is running
2026-08-17 17:49:32,680 - WARNING - aiogram.dispatcher - Sleep for 5.016594 seconds and try again... (tryings = 33, bot id = 8951252054)
2026-08-17 17:49:43,022 - ERROR - aiogram.dispatcher - Failed to fetch updates - TelegramConflictError: Telegram server says - Conflict: terminated by other getUpdates request; make sure that only one bot instance is running
2026-08-17 17:49:43,026 - WARNING - aiogram.dispatcher - Sleep for 4.962010 seconds and try again... (tryings = 34, bot id = 8951252054)
2026-08-17 17:49:53,106 - ERROR - aiogram.dispatcher - Failed to fetch updates - TelegramConflictError: Telegram server says - Conflict: terminated by other getUpdates request; make sure that only one bot instance is running
2026-08-17 17:49:53,106 - WARNING - aiogram.dispatcher - Sleep for 4.953671 seconds and try again... (tryings = 35, bot id = 8951252054)
2026-08-17 17:50:03,554 - ERROR - aiogram.dispatcher - Failed to fetch updates - TelegramConflictError: Telegram server says - Conflict: terminated by other getUpdates request; make sure that only one bot instance is running
2026-08-17 17:50:03,554 - WARNING - aiogram.dispatcher - Sleep for 5.114132 seconds and try again... (tryings = 36, bot id = 8951252054)
2026-08-17 17:50:13,947 - ERROR - aiogram.dispatcher - Failed to fetch updates - TelegramConflictError: Telegram server says - Conflict: terminated by other getUpdates request; make sure that only one bot instance is running
2026-08-17 17:50:13,961 - WARNING - aiogram.dispatcher - Sleep for 4.939915 seconds and try again... (tryings = 37, bot id = 8951252054)
2026-08-17 17:50:24,086 - ERROR - aiogram.dispatcher - Failed to fetch updates - TelegramConflictError: Telegram server says - Conflict: terminated by other getUpdates request; make sure that only one bot instance is running
2026-08-17 17:50:24,086 - WARNING - aiogram.dispatcher - Sleep for 5.071458 seconds and try again... (tryings = 38, bot id = 8951252054)
2026-08-17 17:50:34,094 - ERROR - aiogram.dispatcher - Failed to fetch updates - TelegramConflictError: Telegram server says - Conflict: terminated by other getUpdates request; make sure that only one bot instance is running
2026-08-17 17:50:34,094 - WARNING - aiogram.dispatcher - Sleep for 5.016472 seconds and try again... (tryings = 39, bot id = 8951252054)
2026-08-17 17:50:44,316 - ERROR - aiogram.dispatcher - Failed to fetch updates - TelegramConflictError: Telegram server says - Conflict: terminated by other getUpdates request; make sure that only one bot instance is running
2026-08-17 17:50:44,316 - WARNING - aiogram.dispatcher - Sleep for 4.990012 seconds and try again... (tryings = 40, bot id = 8951252054)
2026-08-17 17:50:54,658 - ERROR - aiogram.dispatcher - Failed to fetch updates - TelegramConflictError: Telegram server says - Conflict: terminated by other getUpdates request; make sure that only one bot instance is running
2026-08-17 17:50:54,675 - WARNING - aiogram.dispatcher - Sleep for 5.132417 seconds and try again... (tryings = 41, bot id = 8951252054)
2026-08-17 17:51:05,148 - ERROR - aiogram.dispatcher - Failed to fetch updates - TelegramConflictError: Telegram server says - Conflict: terminated by other getUpdates request; make sure that only one bot instance is running
2026-08-17 17:51:05,148 - WARNING - aiogram.dispatcher - Sleep for 5.068440 seconds and try again... (tryings = 42, bot id = 8951252054)
2026-08-17 17:51:15,527 - ERROR - aiogram.dispatcher - Failed to fetch updates - TelegramConflictError: Telegram server says - Conflict: terminated by other getUpdates request; make sure that only one bot instance is running
2026-08-17 17:51:15,527 - WARNING - aiogram.dispatcher - Sleep for 5.007152 seconds and try again... (tryings = 43, bot id = 8951252054)
2026-08-17 17:51:25,791 - ERROR - aiogram.dispatcher - Failed to fetch updates - TelegramConflictError: Telegram server says - Conflict: terminated by other getUpdates request; make sure that only one bot instance is running
2026-08-17 17:51:25,791 - WARNING - aiogram.dispatcher - Sleep for 5.100139 seconds and try again... (tryings = 44, bot id = 8951252054)
2026-08-17 17:51:36,156 - ERROR - aiogram.dispatcher - Failed to fetch updates - TelegramConflictError: Telegram server says - Conflict: terminated by other getUpdates request; make sure that only one bot instance is running
2026-08-17 17:51:36,156 - WARNING - aiogram.dispatcher - Sleep for 4.889034 seconds and try again... (tryings = 45, bot id = 8951252054)
2026-08-17 17:51:46,338 - ERROR - aiogram.dispatcher - Failed to fetch updates - TelegramConflictError: Telegram server says - Conflict: terminated by other getUpdates request; make sure that only one bot instance is running
2026-08-17 17:51:46,338 - WARNING - aiogram.dispatcher - Sleep for 4.943617 seconds and try again... (tryings = 46, bot id = 8951252054)
2026-08-17 17:51:56,418 - ERROR - aiogram.dispatcher - Failed to fetch updates - TelegramConflictError: Telegram server says - Conflict: terminated by other getUpdates request; make sure that only one bot instance is running
2026-08-17 17:51:56,418 - WARNING - aiogram.dispatcher - Sleep for 5.005446 seconds and try again... (tryings = 47, bot id = 8951252054)
2026-08-17 17:52:06,723 - ERROR - aiogram.dispatcher - Failed to fetch updates - TelegramConflictError: Telegram server says - Conflict: terminated by other getUpdates request; make sure that only one bot instance is running
2026-08-17 17:52:06,734 - WARNING - aiogram.dispatcher - Sleep for 5.066854 seconds and try again... (tryings = 48, bot id = 8951252054)
2026-08-17 17:52:17,045 - ERROR - aiogram.dispatcher - Failed to fetch updates - TelegramConflictError: Telegram server says - Conflict: terminated by other getUpdates request; make sure that only one bot instance is running
2026-08-17 17:52:17,045 - WARNING - aiogram.dispatcher - Sleep for 4.871089 seconds and try again... (tryings = 49, bot id = 8951252054)
2026-08-17 17:52:27,055 - ERROR - aiogram.dispatcher - Failed to fetch updates - TelegramConflictError: Telegram server says - Conflict: terminated by other getUpdates request; make sure that only one bot instance is running
2026-08-17 17:52:27,055 - WARNING - aiogram.dispatcher - Sleep for 5.077312 seconds and try again... (tryings = 50, bot id = 8951252054)
2026-08-17 17:52:37,307 - ERROR - aiogram.dispatcher - Failed to fetch updates - TelegramConflictError: Telegram server says - Conflict: terminated by other getUpdates request; make sure that only one bot instance is running
2026-08-17 17:52:37,307 - WARNING - aiogram.dispatcher - Sleep for 4.975320 seconds and try again... (tryings = 51, bot id = 8951252054)
2026-08-17 17:52:47,624 - ERROR - aiogram.dispatcher - Failed to fetch updates - TelegramConflictError: Telegram server says - Conflict: terminated by other getUpdates request; make sure that only one bot instance is running
2026-08-17 17:52:47,630 - WARNING - aiogram.dispatcher - Sleep for 5.183567 seconds and try again... (tryings = 52, bot id = 8951252054)
2026-08-17 17:52:57,939 - ERROR - aiogram.dispatcher - Failed to fetch updates - TelegramConflictError: Telegram server says - Conflict: terminated by other getUpdates request; make sure that only one bot instance is running
2026-08-17 17:52:57,939 - WARNING - aiogram.dispatcher - Sleep for 4.807993 seconds and try again... (tryings = 53, bot id = 8951252054)
2026-08-17 17:53:07,921 - ERROR - aiogram.dispatcher - Failed to fetch updates - TelegramConflictError: Telegram server says - Conflict: terminated by other getUpdates request; make sure that only one bot instance is running
2026-08-17 17:53:07,935 - WARNING - aiogram.dispatcher - Sleep for 4.924673 seconds and try again... (tryings = 54, bot id = 8951252054)
2026-08-17 17:53:17,973 - ERROR - aiogram.dispatcher - Failed to fetch updates - TelegramConflictError: Telegram server says - Conflict: terminated by other getUpdates request; make sure that only one bot instance is running
2026-08-17 17:53:17,985 - WARNING - aiogram.dispatcher - Sleep for 4.926180 seconds and try again... (tryings = 55, bot id = 8951252054)
2026-08-17 17:53:28,436 - ERROR - aiogram.dispatcher - Failed to fetch updates - TelegramConflictError: Telegram server says - Conflict: terminated by other getUpdates request; make sure that only one bot instance is running
2026-08-17 17:53:28,452 - WARNING - aiogram.dispatcher - Sleep for 4.816539 seconds and try again... (tryings = 56, bot id = 8951252054)
2026-08-17 17:53:38,467 - ERROR - aiogram.dispatcher - Failed to fetch updates - TelegramConflictError: Telegram server says - Conflict: terminated by other getUpdates request; make sure that only one bot instance is running
2026-08-17 17:53:38,480 - WARNING - aiogram.dispatcher - Sleep for 5.040144 seconds and try again... (tryings = 57, bot id = 8951252054)
2026-08-17 17:53:48,809 - ERROR - aiogram.dispatcher - Failed to fetch updates - TelegramConflictError: Telegram server says - Conflict: terminated by other getUpdates request; make sure that only one bot instance is running
2026-08-17 17:53:48,853 - WARNING - aiogram.dispatcher - Sleep for 4.959275 seconds and try again... (tryings = 58, bot id = 8951252054)
2026-08-17 17:53:58,996 - ERROR - aiogram.dispatcher - Failed to fetch updates - TelegramConflictError: Telegram server says - Conflict: terminated by other getUpdates request; make sure that only one bot instance is running
2026-08-17 17:53:58,996 - WARNING - aiogram.dispatcher - Sleep for 5.120159 seconds and try again... (tryings = 59, bot id = 8951252054)
2026-08-17 17:54:09,327 - ERROR - aiogram.dispatcher - Failed to fetch updates - TelegramConflictError: Telegram server says - Conflict: terminated by other getUpdates request; make sure that only one bot instance is running
2026-08-17 17:54:09,343 - WARNING - aiogram.dispatcher - Sleep for 4.940340 seconds and try again... (tryings = 60, bot id = 8951252054)
2026-08-17 17:54:19,399 - ERROR - aiogram.dispatcher - Failed to fetch updates - TelegramConflictError: Telegram server says - Conflict: terminated by other getUpdates request; make sure that only one bot instance is running
2026-08-17 17:54:19,452 - WARNING - aiogram.dispatcher - Sleep for 4.962328 seconds and try again... (tryings = 61, bot id = 8951252054)
2026-08-17 17:54:29,705 - ERROR - aiogram.dispatcher - Failed to fetch updates - TelegramConflictError: Telegram server says - Conflict: terminated by other getUpdates request; make sure that only one bot instance is running
2026-08-17 17:54:29,705 - WARNING - aiogram.dispatcher - Sleep for 4.902775 seconds and try again... (tryings = 62, bot id = 8951252054)
2026-08-17 17:54:39,811 - ERROR - aiogram.dispatcher - Failed to fetch updates - TelegramConflictError: Telegram server says - Conflict: terminated by other getUpdates request; make sure that only one bot instance is running
2026-08-17 17:54:39,825 - WARNING - aiogram.dispatcher - Sleep for 4.906877 seconds and try again... (tryings = 63, bot id = 8951252054)
2026-08-17 17:54:49,981 - ERROR - aiogram.dispatcher - Failed to fetch updates - TelegramConflictError: Telegram server says - Conflict: terminated by other getUpdates request; make sure that only one bot instance is running
2026-08-17 17:54:49,999 - WARNING - aiogram.dispatcher - Sleep for 5.054733 seconds and try again... (tryings = 64, bot id = 8951252054)
2026-08-17 17:55:00,280 - ERROR - aiogram.dispatcher - Failed to fetch updates - TelegramConflictError: Telegram server says - Conflict: terminated by other getUpdates request; make sure that only one bot instance is running
2026-08-17 17:55:00,280 - WARNING - aiogram.dispatcher - Sleep for 4.896828 seconds and try again... (tryings = 65, bot id = 8951252054)
2026-08-17 17:55:10,263 - ERROR - aiogram.dispatcher - Failed to fetch updates - TelegramConflictError: Telegram server says - Conflict: terminated by other getUpdates request; make sure that only one bot instance is running
2026-08-17 17:55:10,278 - WARNING - aiogram.dispatcher - Sleep for 4.826593 seconds and try again... (tryings = 66, bot id = 8951252054)
2026-08-17 17:55:20,434 - ERROR - aiogram.dispatcher - Failed to fetch updates - TelegramConflictError: Telegram server says - Conflict: terminated by other getUpdates request; make sure that only one bot instance is running
2026-08-17 17:55:20,434 - WARNING - aiogram.dispatcher - Sleep for 5.069431 seconds and try again... (tryings = 67, bot id = 8951252054)
2026-08-17 17:55:30,736 - ERROR - aiogram.dispatcher - Failed to fetch updates - TelegramConflictError: Telegram server says - Conflict: terminated by other getUpdates request; make sure that only one bot instance is running
2026-08-17 17:55:30,736 - WARNING - aiogram.dispatcher - Sleep for 5.019033 seconds and try again... (tryings = 68, bot id = 8951252054)
2026-08-17 17:55:41,081 - ERROR - aiogram.dispatcher - Failed to fetch updates - TelegramConflictError: Telegram server says - Conflict: terminated by other getUpdates request; make sure that only one bot instance is running
2026-08-17 17:55:41,097 - WARNING - aiogram.dispatcher - Sleep for 4.906293 seconds and try again... (tryings = 69, bot id = 8951252054)
2026-08-17 17:55:51,246 - ERROR - aiogram.dispatcher - Failed to fetch updates - TelegramConflictError: Telegram server says - Conflict: terminated by other getUpdates request; make sure that only one bot instance is running
2026-08-17 17:55:51,246 - WARNING - aiogram.dispatcher - Sleep for 5.000513 seconds and try again... (tryings = 70, bot id = 8951252054)
2026-08-17 17:56:01,700 - ERROR - aiogram.dispatcher - Failed to fetch updates - TelegramConflictError: Telegram server says - Conflict: terminated by other getUpdates request; make sure that only one bot instance is running
2026-08-17 17:56:01,700 - WARNING - aiogram.dispatcher - Sleep for 5.063257 seconds and try again... (tryings = 71, bot id = 8951252054)
2026-08-17 17:56:11,921 - ERROR - aiogram.dispatcher - Failed to fetch updates - TelegramConflictError: Telegram server says - Conflict: terminated by other getUpdates request; make sure that only one bot instance is running
2026-08-17 17:56:11,941 - WARNING - aiogram.dispatcher - Sleep for 5.098759 seconds and try again... (tryings = 72, bot id = 8951252054)
2026-08-17 17:56:22,321 - ERROR - aiogram.dispatcher - Failed to fetch updates - TelegramConflictError: Telegram server says - Conflict: terminated by other getUpdates request; make sure that only one bot instance is running
2026-08-17 17:56:22,321 - WARNING - aiogram.dispatcher - Sleep for 5.017916 seconds and try again... (tryings = 73, bot id = 8951252054)
2026-08-17 17:56:32,643 - ERROR - aiogram.dispatcher - Failed to fetch updates - TelegramConflictError: Telegram server says - Conflict: terminated by other getUpdates request; make sure that only one bot instance is running
2026-08-17 17:56:32,643 - WARNING - aiogram.dispatcher - Sleep for 5.004715 seconds and try again... (tryings = 74, bot id = 8951252054)
2026-08-17 17:56:42,833 - ERROR - aiogram.dispatcher - Failed to fetch updates - TelegramConflictError: Telegram server says - Conflict: terminated by other getUpdates request; make sure that only one bot instance is running
2026-08-17 17:56:42,849 - WARNING - aiogram.dispatcher - Sleep for 4.990388 seconds and try again... (tryings = 75, bot id = 8951252054)
2026-08-17 17:56:52,926 - ERROR - aiogram.dispatcher - Failed to fetch updates - TelegramConflictError: Telegram server says - Conflict: terminated by other getUpdates request; make sure that only one bot instance is running
2026-08-17 17:56:52,926 - WARNING - aiogram.dispatcher - Sleep for 5.162189 seconds and try again... (tryings = 76, bot id = 8951252054)
2026-08-17 17:57:03,340 - ERROR - aiogram.dispatcher - Failed to fetch updates - TelegramConflictError: Telegram server says - Conflict: terminated by other getUpdates request; make sure that only one bot instance is running
2026-08-17 17:57:03,342 - WARNING - aiogram.dispatcher - Sleep for 5.147485 seconds and try again... (tryings = 77, bot id = 8951252054)
2026-08-17 17:57:13,926 - ERROR - aiogram.dispatcher - Failed to fetch updates - TelegramConflictError: Telegram server says - Conflict: terminated by other getUpdates request; make sure that only one bot instance is running
2026-08-17 17:57:13,926 - WARNING - aiogram.dispatcher - Sleep for 4.988170 seconds and try again... (tryings = 78, bot id = 8951252054)
2026-08-17 17:57:24,082 - ERROR - aiogram.dispatcher - Failed to fetch updates - TelegramConflictError: Telegram server says - Conflict: terminated by other getUpdates request; make sure that only one bot instance is running
2026-08-17 17:57:24,082 - WARNING - aiogram.dispatcher - Sleep for 4.850457 seconds and try again... (tryings = 79, bot id = 8951252054)
2026-08-17 17:57:34,123 - ERROR - aiogram.dispatcher - Failed to fetch updates - TelegramConflictError: Telegram server says - Conflict: terminated by other getUpdates request; make sure that only one bot instance is running
2026-08-17 17:57:34,123 - WARNING - aiogram.dispatcher - Sleep for 5.030214 seconds and try again... (tryings = 80, bot id = 8951252054)
2026-08-17 17:57:44,579 - ERROR - aiogram.dispatcher - Failed to fetch updates - TelegramConflictError: Telegram server says - Conflict: terminated by other getUpdates request; make sure that only one bot instance is running
2026-08-17 17:57:44,589 - WARNING - aiogram.dispatcher - Sleep for 5.073958 seconds and try again... (tryings = 81, bot id = 8951252054)
2026-08-17 17:57:54,989 - ERROR - aiogram.dispatcher - Failed to fetch updates - TelegramConflictError: Telegram server says - Conflict: terminated by other getUpdates request; make sure that only one bot instance is running
2026-08-17 17:57:54,989 - WARNING - aiogram.dispatcher - Sleep for 4.897578 seconds and try again... (tryings = 82, bot id = 8951252054)
2026-08-17 17:58:05,217 - ERROR - aiogram.dispatcher - Failed to fetch updates - TelegramConflictError: Telegram server says - Conflict: terminated by other getUpdates request; make sure that only one bot instance is running
2026-08-17 17:58:05,233 - WARNING - aiogram.dispatcher - Sleep for 4.974496 seconds and try again... (tryings = 83, bot id = 8951252054)
2026-08-17 17:58:15,425 - ERROR - aiogram.dispatcher - Failed to fetch updates - TelegramConflictError: Telegram server says - Conflict: terminated by other getUpdates request; make sure that only one bot instance is running
2026-08-17 17:58:15,472 - WARNING - aiogram.dispatcher - Sleep for 4.983784 seconds and try again... (tryings = 84, bot id = 8951252054)
2026-08-17 17:58:25,791 - ERROR - aiogram.dispatcher - Failed to fetch updates - TelegramConflictError: Telegram server says - Conflict: terminated by other getUpdates request; make sure that only one bot instance is running
2026-08-17 17:58:25,791 - WARNING - aiogram.dispatcher - Sleep for 4.872395 seconds and try again... (tryings = 85, bot id = 8951252054)
2026-08-17 17:58:35,789 - ERROR - aiogram.dispatcher - Failed to fetch updates - TelegramConflictError: Telegram server says - Conflict: terminated by other getUpdates request; make sure that only one bot instance is running
2026-08-17 17:58:35,802 - WARNING - aiogram.dispatcher - Sleep for 4.957587 seconds and try again... (tryings = 86, bot id = 8951252054)
2026-08-17 17:58:46,077 - ERROR - aiogram.dispatcher - Failed to fetch updates - TelegramConflictError: Telegram server says - Conflict: terminated by other getUpdates request; make sure that only one bot instance is running
2026-08-17 17:58:46,124 - WARNING - aiogram.dispatcher - Sleep for 5.017925 seconds and try again... (tryings = 87, bot id = 8951252054)
2026-08-17 17:58:56,404 - ERROR - aiogram.dispatcher - Failed to fetch updates - TelegramConflictError: Telegram server says - Conflict: terminated by other getUpdates request; make sure that only one bot instance is running
2026-08-17 17:58:56,404 - WARNING - aiogram.dispatcher - Sleep for 5.021680 seconds and try again... (tryings = 88, bot id = 8951252054)
2026-08-17 17:59:06,627 - ERROR - aiogram.dispatcher - Failed to fetch updates - TelegramConflictError: Telegram server says - Conflict: terminated by other getUpdates request; make sure that only one bot instance is running
2026-08-17 17:59:06,638 - WARNING - aiogram.dispatcher - Sleep for 4.987832 seconds and try again... (tryings = 89, bot id = 8951252054)
2026-08-17 17:59:16,628 - ERROR - aiogram.dispatcher - Failed to fetch updates - TelegramConflictError: Telegram server says - Conflict: terminated by other getUpdates request; make sure that only one bot instance is running
2026-08-17 17:59:16,644 - WARNING - aiogram.dispatcher - Sleep for 5.081806 seconds and try again... (tryings = 90, bot id = 8951252054)
2026-08-17 17:59:27,020 - ERROR - aiogram.dispatcher - Failed to fetch updates - TelegramConflictError: Telegram server says - Conflict: terminated by other getUpdates request; make sure that only one bot instance is running
2026-08-17 17:59:27,020 - WARNING - aiogram.dispatcher - Sleep for 5.005696 seconds and try again... (tryings = 91, bot id = 8951252054)
2026-08-17 17:59:37,395 - ERROR - aiogram.dispatcher - Failed to fetch updates - TelegramConflictError: Telegram server says - Conflict: terminated by other getUpdates request; make sure that only one bot instance is running
2026-08-17 17:59:37,411 - WARNING - aiogram.dispatcher - Sleep for 5.147897 seconds and try again... (tryings = 92, bot id = 8951252054)
2026-08-17 17:59:47,688 - ERROR - aiogram.dispatcher - Failed to fetch updates - TelegramConflictError: Telegram server says - Conflict: terminated by other getUpdates request; make sure that only one bot instance is running
2026-08-17 17:59:47,697 - WARNING - aiogram.dispatcher - Sleep for 5.058958 seconds and try again... (tryings = 93, bot id = 8951252054)
2026-08-17 17:59:57,755 - ERROR - aiogram.dispatcher - Failed to fetch updates - TelegramConflictError: Telegram server says - Conflict: terminated by other getUpdates request; make sure that only one bot instance is running
2026-08-17 17:59:57,771 - WARNING - aiogram.dispatcher - Sleep for 4.960943 seconds and try again... (tryings = 94, bot id = 8951252054)
2026-08-17 18:00:08,014 - ERROR - aiogram.dispatcher - Failed to fetch updates - TelegramConflictError: Telegram server says - Conflict: terminated by other getUpdates request; make sure that only one bot instance is running
2026-08-17 18:00:08,022 - WARNING - aiogram.dispatcher - Sleep for 4.959012 seconds and try again... (tryings = 95, bot id = 8951252054)
2026-08-17 18:00:18,321 - ERROR - aiogram.dispatcher - Failed to fetch updates - TelegramConflictError: Telegram server says - Conflict: terminated by other getUpdates request; make sure that only one bot instance is running
2026-08-17 18:00:18,321 - WARNING - aiogram.dispatcher - Sleep for 5.049089 seconds and try again... (tryings = 96, bot id = 8951252054)
2026-08-17 18:00:28,503 - ERROR - aiogram.dispatcher - Failed to fetch updates - TelegramConflictError: Telegram server says - Conflict: terminated by other getUpdates request; make sure that only one bot instance is running
2026-08-17 18:00:28,503 - WARNING - aiogram.dispatcher - Sleep for 5.052182 seconds and try again... (tryings = 97, bot id = 8951252054)
2026-08-17 18:00:38,824 - ERROR - aiogram.dispatcher - Failed to fetch updates - TelegramConflictError: Telegram server says - Conflict: terminated by other getUpdates request; make sure that only one bot instance is running
2026-08-17 18:00:38,840 - WARNING - aiogram.dispatcher - Sleep for 5.046907 seconds and try again... (tryings = 98, bot id = 8951252054)
2026-08-17 18:00:49,139 - ERROR - aiogram.dispatcher - Failed to fetch updates - TelegramConflictError: Telegram server says - Conflict: terminated by other getUpdates request; make sure that only one bot instance is running
2026-08-17 18:00:49,151 - WARNING - aiogram.dispatcher - Sleep for 5.041345 seconds and try again... (tryings = 99, bot id = 8951252054)
2026-08-17 18:00:59,308 - ERROR - aiogram.dispatcher - Failed to fetch updates - TelegramConflictError: Telegram server says - Conflict: terminated by other getUpdates request; make sure that only one bot instance is running
2026-08-17 18:00:59,308 - WARNING - aiogram.dispatcher - Sleep for 4.820023 seconds and try again... (tryings = 100, bot id = 8951252054)
2026-08-17 18:01:09,217 - ERROR - aiogram.dispatcher - Failed to fetch updates - TelegramConflictError: Telegram server says - Conflict: terminated by other getUpdates request; make sure that only one bot instance is running
2026-08-17 18:01:09,228 - WARNING - aiogram.dispatcher - Sleep for 5.028670 seconds and try again... (tryings = 101, bot id = 8951252054)
2026-08-17 18:01:19,419 - ERROR - aiogram.dispatcher - Failed to fetch updates - TelegramConflictError: Telegram server says - Conflict: terminated by other getUpdates request; make sure that only one bot instance is running
2026-08-17 18:01:19,433 - WARNING - aiogram.dispatcher - Sleep for 4.847965 seconds and try again... (tryings = 102, bot id = 8951252054)
2026-08-17 18:01:29,496 - ERROR - aiogram.dispatcher - Failed to fetch updates - TelegramConflictError: Telegram server says - Conflict: terminated by other getUpdates request; make sure that only one bot instance is running
2026-08-17 18:01:29,496 - WARNING - aiogram.dispatcher - Sleep for 4.933971 seconds and try again... (tryings = 103, bot id = 8951252054)
2026-08-17 18:01:39,547 - ERROR - aiogram.dispatcher - Failed to fetch updates - TelegramConflictError: Telegram server says - Conflict: terminated by other getUpdates request; make sure that only one bot instance is running
2026-08-17 18:01:39,559 - WARNING - aiogram.dispatcher - Sleep for 4.900889 seconds and try again... (tryings = 104, bot id = 8951252054)
2026-08-17 18:01:49,598 - ERROR - aiogram.dispatcher - Failed to fetch updates - TelegramConflictError: Telegram server says - Conflict: terminated by other getUpdates request; make sure that only one bot instance is running
2026-08-17 18:01:49,613 - WARNING - aiogram.dispatcher - Sleep for 5.106798 seconds and try again... (tryings = 105, bot id = 8951252054)
2026-08-17 18:01:59,975 - ERROR - aiogram.dispatcher - Failed to fetch updates - TelegramConflictError: Telegram server says - Conflict: terminated by other getUpdates request; make sure that only one bot instance is running
2026-08-17 18:01:59,986 - WARNING - aiogram.dispatcher - Sleep for 5.269266 seconds and try again... (tryings = 106, bot id = 8951252054)
2026-08-17 18:02:10,358 - ERROR - aiogram.dispatcher - Failed to fetch updates - TelegramConflictError: Telegram server says - Conflict: terminated by other getUpdates request; make sure that only one bot instance is running
2026-08-17 18:02:10,367 - WARNING - aiogram.dispatcher - Sleep for 4.938822 seconds and try again... (tryings = 107, bot id = 8951252054)
2026-08-17 18:02:20,674 - ERROR - aiogram.dispatcher - Failed to fetch updates - TelegramConflictError: Telegram server says - Conflict: terminated by other getUpdates request; make sure that only one bot instance is running
2026-08-17 18:02:20,674 - WARNING - aiogram.dispatcher - Sleep for 4.917983 seconds and try again... (tryings = 108, bot id = 8951252054)
2026-08-17 18:02:31,052 - ERROR - aiogram.dispatcher - Failed to fetch updates - TelegramConflictError: Telegram server says - Conflict: terminated by other getUpdates request; make sure that only one bot instance is running
2026-08-17 18:02:31,052 - WARNING - aiogram.dispatcher - Sleep for 5.117614 seconds and try again... (tryings = 109, bot id = 8951252054)
2026-08-17 18:02:41,353 - ERROR - aiogram.dispatcher - Failed to fetch updates - TelegramConflictError: Telegram server says - Conflict: terminated by other getUpdates request; make sure that only one bot instance is running
2026-08-17 18:02:41,372 - WARNING - aiogram.dispatcher - Sleep for 4.810945 seconds and try again... (tryings = 110, bot id = 8951252054)
2026-08-17 18:02:51,451 - ERROR - aiogram.dispatcher - Failed to fetch updates - TelegramConflictError: Telegram server says - Conflict: terminated by other getUpdates request; make sure that only one bot instance is running
2026-08-17 18:02:51,466 - WARNING - aiogram.dispatcher - Sleep for 5.089081 seconds and try again... (tryings = 111, bot id = 8951252054)
2026-08-17 18:03:01,842 - ERROR - aiogram.dispatcher - Failed to fetch updates - TelegramConflictError: Telegram server says - Conflict: terminated by other getUpdates request; make sure that only one bot instance is running
2026-08-17 18:03:01,842 - WARNING - aiogram.dispatcher - Sleep for 5.024463 seconds and try again... (tryings = 112, bot id = 8951252054)
2026-08-17 18:03:12,075 - ERROR - aiogram.dispatcher - Failed to fetch updates - TelegramConflictError: Telegram server says - Conflict: terminated by other getUpdates request; make sure that only one bot instance is running
2026-08-17 18:03:12,093 - WARNING - aiogram.dispatcher - Sleep for 5.125513 seconds and try again... (tryings = 113, bot id = 8951252054)
2026-08-17 18:03:22,480 - ERROR - aiogram.dispatcher - Failed to fetch updates - TelegramConflictError: Telegram server says - Conflict: terminated by other getUpdates request; make sure that only one bot instance is running
2026-08-17 18:03:22,480 - WARNING - aiogram.dispatcher - Sleep for 5.010744 seconds and try again... (tryings = 114, bot id = 8951252054)
2026-08-17 18:03:32,591 - ERROR - aiogram.dispatcher - Failed to fetch updates - TelegramConflictError: Telegram server says - Conflict: terminated by other getUpdates request; make sure that only one bot instance is running
2026-08-17 18:03:32,591 - WARNING - aiogram.dispatcher - Sleep for 5.034215 seconds and try again... (tryings = 115, bot id = 8951252054)
2026-08-17 18:03:42,876 - ERROR - aiogram.dispatcher - Failed to fetch updates - TelegramConflictError: Telegram server says - Conflict: terminated by other getUpdates request; make sure that only one bot instance is running
2026-08-17 18:03:42,876 - WARNING - aiogram.dispatcher - Sleep for 5.050911 seconds and try again... (tryings = 116, bot id = 8951252054)
2026-08-17 18:03:53,056 - ERROR - aiogram.dispatcher - Failed to fetch updates - TelegramConflictError: Telegram server says - Conflict: terminated by other getUpdates request; make sure that only one bot instance is running
2026-08-17 18:03:53,058 - WARNING - aiogram.dispatcher - Sleep for 4.928945 seconds and try again... (tryings = 117, bot id = 8951252054)
2026-08-17 18:04:02,949 - ERROR - aiogram.dispatcher - Failed to fetch updates - TelegramConflictError: Telegram server says - Conflict: terminated by other getUpdates request; make sure that only one bot instance is running
2026-08-17 18:04:02,960 - WARNING - aiogram.dispatcher - Sleep for 4.978640 seconds and try again... (tryings = 118, bot id = 8951252054)
2026-08-17 18:04:13,259 - ERROR - aiogram.dispatcher - Failed to fetch updates - TelegramConflictError: Telegram server says - Conflict: terminated by other getUpdates request; make sure that only one bot instance is running
2026-08-17 18:04:13,276 - WARNING - aiogram.dispatcher - Sleep for 4.935820 seconds and try again... (tryings = 119, bot id = 8951252054)
2026-08-17 18:04:23,384 - ERROR - aiogram.dispatcher - Failed to fetch updates - TelegramConflictError: Telegram server says - Conflict: terminated by other getUpdates request; make sure that only one bot instance is running
2026-08-17 18:04:23,400 - WARNING - aiogram.dispatcher - Sleep for 5.241217 seconds and try again... (tryings = 120, bot id = 8951252054)
2026-08-17 18:04:33,959 - ERROR - aiogram.dispatcher - Failed to fetch updates - TelegramConflictError: Telegram server says - Conflict: terminated by other getUpdates request; make sure that only one bot instance is running
2026-08-17 18:04:33,959 - WARNING - aiogram.dispatcher - Sleep for 4.938980 seconds and try again... (tryings = 121, bot id = 8951252054)
2026-08-17 18:04:44,152 - ERROR - aiogram.dispatcher - Failed to fetch updates - TelegramConflictError: Telegram server says - Conflict: terminated by other getUpdates request; make sure that only one bot instance is running
2026-08-17 18:04:44,168 - WARNING - aiogram.dispatcher - Sleep for 5.117982 seconds and try again... (tryings = 122, bot id = 8951252054)
2026-08-17 18:04:54,493 - ERROR - aiogram.dispatcher - Failed to fetch updates - TelegramConflictError: Telegram server says - Conflict: terminated by other getUpdates request; make sure that only one bot instance is running
2026-08-17 18:04:54,509 - WARNING - aiogram.dispatcher - Sleep for 5.056764 seconds and try again... (tryings = 123, bot id = 8951252054)
2026-08-17 18:05:04,811 - ERROR - aiogram.dispatcher - Failed to fetch updates - TelegramConflictError: Telegram server says - Conflict: terminated by other getUpdates request; make sure that only one bot instance is running
2026-08-17 18:05:04,832 - WARNING - aiogram.dispatcher - Sleep for 4.885755 seconds and try again... (tryings = 124, bot id = 8951252054)
2026-08-17 18:05:14,964 - ERROR - aiogram.dispatcher - Failed to fetch updates - TelegramConflictError: Telegram server says - Conflict: terminated by other getUpdates request; make sure that only one bot instance is running
2026-08-17 18:05:14,970 - WARNING - aiogram.dispatcher - Sleep for 5.055951 seconds and try again... (tryings = 125, bot id = 8951252054)
2026-08-17 18:05:25,328 - ERROR - aiogram.dispatcher - Failed to fetch updates - TelegramConflictError: Telegram server says - Conflict: terminated by other getUpdates request; make sure that only one bot instance is running
2026-08-17 18:05:25,328 - WARNING - aiogram.dispatcher - Sleep for 4.979210 seconds and try again... (tryings = 126, bot id = 8951252054)
2026-08-17 18:05:35,764 - ERROR - aiogram.dispatcher - Failed to fetch updates - TelegramConflictError: Telegram server says - Conflict: terminated by other getUpdates request; make sure that only one bot instance is running
2026-08-17 18:05:35,782 - WARNING - aiogram.dispatcher - Sleep for 4.927157 seconds and try again... (tryings = 127, bot id = 8951252054)
2026-08-17 18:05:45,833 - ERROR - aiogram.dispatcher - Failed to fetch updates - TelegramConflictError: Telegram server says - Conflict: terminated by other getUpdates request; make sure that only one bot instance is running
2026-08-17 18:05:45,851 - WARNING - aiogram.dispatcher - Sleep for 5.236885 seconds and try again... (tryings = 128, bot id = 8951252054)
2026-08-17 18:05:56,437 - ERROR - aiogram.dispatcher - Failed to fetch updates - TelegramConflictError: Telegram server says - Conflict: terminated by other getUpdates request; make sure that only one bot instance is running
2026-08-17 18:05:56,437 - WARNING - aiogram.dispatcher - Sleep for 4.769552 seconds and try again... (tryings = 129, bot id = 8951252054)
2026-08-17 18:06:06,433 - ERROR - aiogram.dispatcher - Failed to fetch updates - TelegramConflictError: Telegram server says - Conflict: terminated by other getUpdates request; make sure that only one bot instance is running
2026-08-17 18:06:06,443 - WARNING - aiogram.dispatcher - Sleep for 5.035618 seconds and try again... (tryings = 130, bot id = 8951252054)
2026-08-17 18:06:16,668 - ERROR - aiogram.dispatcher - Failed to fetch updates - TelegramConflictError: Telegram server says - Conflict: terminated by other getUpdates request; make sure that only one bot instance is running
2026-08-17 18:06:16,725 - WARNING - aiogram.dispatcher - Sleep for 4.860560 seconds and try again... (tryings = 131, bot id = 8951252054)
2026-08-17 18:06:26,845 - ERROR - aiogram.dispatcher - Failed to fetch updates - TelegramConflictError: Telegram server says - Conflict: terminated by other getUpdates request; make sure that only one bot instance is running
2026-08-17 18:06:26,854 - WARNING - aiogram.dispatcher - Sleep for 4.855031 seconds and try again... (tryings = 132, bot id = 8951252054)
2026-08-17 18:06:36,825 - ERROR - aiogram.dispatcher - Failed to fetch updates - TelegramConflictError: Telegram server says - Conflict: terminated by other getUpdates request; make sure that only one bot instance is running
2026-08-17 18:06:36,834 - WARNING - aiogram.dispatcher - Sleep for 4.971335 seconds and try again... (tryings = 133, bot id = 8951252054)
2026-08-17 18:06:47,113 - ERROR - aiogram.dispatcher - Failed to fetch updates - TelegramConflictError: Telegram server says - Conflict: terminated by other getUpdates request; make sure that only one bot instance is running
2026-08-17 18:06:47,124 - WARNING - aiogram.dispatcher - Sleep for 4.953448 seconds and try again... (tryings = 134, bot id = 8951252054)
2026-08-17 18:06:57,277 - ERROR - aiogram.dispatcher - Failed to fetch updates - TelegramConflictError: Telegram server says - Conflict: terminated by other getUpdates request; make sure that only one bot instance is running
2026-08-17 18:06:57,285 - WARNING - aiogram.dispatcher - Sleep for 4.995028 seconds and try again... (tryings = 135, bot id = 8951252054)
2026-08-17 18:07:07,505 - ERROR - aiogram.dispatcher - Failed to fetch updates - TelegramConflictError: Telegram server says - Conflict: terminated by other getUpdates request; make sure that only one bot instance is running
2026-08-17 18:07:07,514 - WARNING - aiogram.dispatcher - Sleep for 4.955704 seconds and try again... (tryings = 136, bot id = 8951252054)
2026-08-17 18:07:17,610 - ERROR - aiogram.dispatcher - Failed to fetch updates - TelegramConflictError: Telegram server says - Conflict: terminated by other getUpdates request; make sure that only one bot instance is running
2026-08-17 18:07:17,624 - WARNING - aiogram.dispatcher - Sleep for 5.025899 seconds and try again... (tryings = 137, bot id = 8951252054)
2026-08-17 18:07:28,022 - ERROR - aiogram.dispatcher - Failed to fetch updates - TelegramConflictError: Telegram server says - Conflict: terminated by other getUpdates request; make sure that only one bot instance is running
2026-08-17 18:07:28,029 - WARNING - aiogram.dispatcher - Sleep for 4.987849 seconds and try again... (tryings = 138, bot id = 8951252054)
2026-08-17 18:07:38,371 - ERROR - aiogram.dispatcher - Failed to fetch updates - TelegramConflictError: Telegram server says - Conflict: terminated by other getUpdates request; make sure that only one bot instance is running
2026-08-17 18:07:38,386 - WARNING - aiogram.dispatcher - Sleep for 5.009024 seconds and try again... (tryings = 139, bot id = 8951252054)
2026-08-17 18:07:48,731 - ERROR - aiogram.dispatcher - Failed to fetch updates - TelegramConflictError: Telegram server says - Conflict: terminated by other getUpdates request; make sure that only one bot instance is running
2026-08-17 18:07:48,731 - WARNING - aiogram.dispatcher - Sleep for 4.999350 seconds and try again... (tryings = 140, bot id = 8951252054)
2026-08-17 18:07:59,114 - ERROR - aiogram.dispatcher - Failed to fetch updates - TelegramConflictError: Telegram server says - Conflict: terminated by other getUpdates request; make sure that only one bot instance is running
2026-08-17 18:07:59,114 - WARNING - aiogram.dispatcher - Sleep for 5.146458 seconds and try again... (tryings = 141, bot id = 8951252054)
2026-08-17 18:08:09,683 - ERROR - aiogram.dispatcher - Failed to fetch updates - TelegramConflictError: Telegram server says - Conflict: terminated by other getUpdates request; make sure that only one bot instance is running
2026-08-17 18:08:09,692 - WARNING - aiogram.dispatcher - Sleep for 4.931922 seconds and try again... (tryings = 142, bot id = 8951252054)
2026-08-17 18:08:19,913 - ERROR - aiogram.dispatcher - Failed to fetch updates - TelegramConflictError: Telegram server says - Conflict: terminated by other getUpdates request; make sure that only one bot instance is running
2026-08-17 18:08:19,933 - WARNING - aiogram.dispatcher - Sleep for 5.052729 seconds and try again... (tryings = 143, bot id = 8951252054)
2026-08-17 18:08:30,301 - ERROR - aiogram.dispatcher - Failed to fetch updates - TelegramConflictError: Telegram server says - Conflict: terminated by other getUpdates request; make sure that only one bot instance is running
2026-08-17 18:08:30,301 - WARNING - aiogram.dispatcher - Sleep for 4.989577 seconds and try again... (tryings = 144, bot id = 8951252054)
2026-08-17 18:08:40,513 - ERROR - aiogram.dispatcher - Failed to fetch updates - TelegramConflictError: Telegram server says - Conflict: terminated by other getUpdates request; make sure that only one bot instance is running
2026-08-17 18:08:40,529 - WARNING - aiogram.dispatcher - Sleep for 5.117218 seconds and try again... (tryings = 145, bot id = 8951252054)
2026-08-17 18:08:50,789 - ERROR - aiogram.dispatcher - Failed to fetch updates - TelegramConflictError: Telegram server says - Conflict: terminated by other getUpdates request; make sure that only one bot instance is running
2026-08-17 18:08:50,789 - WARNING - aiogram.dispatcher - Sleep for 4.894614 seconds and try again... (tryings = 146, bot id = 8951252054)
2026-08-17 18:09:00,991 - ERROR - aiogram.dispatcher - Failed to fetch updates - TelegramConflictError: Telegram server says - Conflict: terminated by other getUpdates request; make sure that only one bot instance is running
2026-08-17 18:09:00,996 - WARNING - aiogram.dispatcher - Sleep for 5.070806 seconds and try again... (tryings = 147, bot id = 8951252054)
2026-08-17 18:09:11,131 - ERROR - aiogram.dispatcher - Failed to fetch updates - TelegramConflictError: Telegram server says - Conflict: terminated by other getUpdates request; make sure that only one bot instance is running
2026-08-17 18:09:11,131 - WARNING - aiogram.dispatcher - Sleep for 4.927850 seconds and try again... (tryings = 148, bot id = 8951252054)
2026-08-17 18:09:21,264 - ERROR - aiogram.dispatcher - Failed to fetch updates - TelegramConflictError: Telegram server says - Conflict: terminated by other getUpdates request; make sure that only one bot instance is running
2026-08-17 18:09:21,264 - WARNING - aiogram.dispatcher - Sleep for 4.996653 seconds and try again... (tryings = 149, bot id = 8951252054)
2026-08-17 18:09:31,546 - ERROR - aiogram.dispatcher - Failed to fetch updates - TelegramConflictError: Telegram server says - Conflict: terminated by other getUpdates request; make sure that only one bot instance is running
2026-08-17 18:09:31,546 - WARNING - aiogram.dispatcher - Sleep for 4.987840 seconds and try again... (tryings = 150, bot id = 8951252054)
2026-08-17 18:09:41,677 - ERROR - aiogram.dispatcher - Failed to fetch updates - TelegramConflictError: Telegram server says - Conflict: terminated by other getUpdates request; make sure that only one bot instance is running
2026-08-17 18:09:41,677 - WARNING - aiogram.dispatcher - Sleep for 4.969473 seconds and try again... (tryings = 151, bot id = 8951252054)
2026-08-17 18:09:51,917 - ERROR - aiogram.dispatcher - Failed to fetch updates - TelegramConflictError: Telegram server says - Conflict: terminated by other getUpdates request; make sure that only one bot instance is running
2026-08-17 18:09:51,928 - WARNING - aiogram.dispatcher - Sleep for 5.048738 seconds and try again... (tryings = 152, bot id = 8951252054)
2026-08-17 18:10:02,387 - ERROR - aiogram.dispatcher - Failed to fetch updates - TelegramConflictError: Telegram server says - Conflict: terminated by other getUpdates request; make sure that only one bot instance is running
2026-08-17 18:10:02,387 - WARNING - aiogram.dispatcher - Sleep for 4.961828 seconds and try again... (tryings = 153, bot id = 8951252054)
2026-08-17 18:10:12,584 - ERROR - aiogram.dispatcher - Failed to fetch updates - TelegramConflictError: Telegram server says - Conflict: terminated by other getUpdates request; make sure that only one bot instance is running
2026-08-17 18:10:12,596 - WARNING - aiogram.dispatcher - Sleep for 5.079139 seconds and try again... (tryings = 154, bot id = 8951252054)
2026-08-17 18:10:23,012 - ERROR - aiogram.dispatcher - Failed to fetch updates - TelegramConflictError: Telegram server says - Conflict: terminated by other getUpdates request; make sure that only one bot instance is running
2026-08-17 18:10:23,025 - WARNING - aiogram.dispatcher - Sleep for 5.025765 seconds and try again... (tryings = 155, bot id = 8951252054)
2026-08-17 18:10:33,297 - ERROR - aiogram.dispatcher - Failed to fetch updates - TelegramConflictError: Telegram server says - Conflict: terminated by other getUpdates request; make sure that only one bot instance is running
2026-08-17 18:10:33,297 - WARNING - aiogram.dispatcher - Sleep for 5.068878 seconds and try again... (tryings = 156, bot id = 8951252054)
2026-08-17 18:10:43,632 - ERROR - aiogram.dispatcher - Failed to fetch updates - TelegramConflictError: Telegram server says - Conflict: terminated by other getUpdates request; make sure that only one bot instance is running
2026-08-17 18:10:43,647 - WARNING - aiogram.dispatcher - Sleep for 4.929742 seconds and try again... (tryings = 157, bot id = 8951252054)
2026-08-17 18:10:53,928 - ERROR - aiogram.dispatcher - Failed to fetch updates - TelegramConflictError: Telegram server says - Conflict: terminated by other getUpdates request; make sure that only one bot instance is running
2026-08-17 18:10:53,928 - WARNING - aiogram.dispatcher - Sleep for 4.924924 seconds and try again... (tryings = 158, bot id = 8951252054)
2026-08-17 18:11:03,945 - ERROR - aiogram.dispatcher - Failed to fetch updates - TelegramConflictError: Telegram server says - Conflict: terminated by other getUpdates request; make sure that only one bot instance is running
2026-08-17 18:11:03,961 - WARNING - aiogram.dispatcher - Sleep for 5.027480 seconds and try again... (tryings = 159, bot id = 8951252054)
2026-08-17 18:11:14,143 - ERROR - aiogram.dispatcher - Failed to fetch updates - TelegramConflictError: Telegram server says - Conflict: terminated by other getUpdates request; make sure that only one bot instance is running
2026-08-17 18:11:14,151 - WARNING - aiogram.dispatcher - Sleep for 4.965707 seconds and try again... (tryings = 160, bot id = 8951252054)
2026-08-17 18:11:24,802 - ERROR - aiogram.dispatcher - Failed to fetch updates - TelegramConflictError: Telegram server says - Conflict: terminated by other getUpdates request; make sure that only one bot instance is running
2026-08-17 18:11:24,818 - WARNING - aiogram.dispatcher - Sleep for 5.071102 seconds and try again... (tryings = 161, bot id = 8951252054)
2026-08-17 18:11:35,161 - ERROR - aiogram.dispatcher - Failed to fetch updates - TelegramConflictError: Telegram server says - Conflict: terminated by other getUpdates request; make sure that only one bot instance is running
2026-08-17 18:11:35,179 - WARNING - aiogram.dispatcher - Sleep for 4.797360 seconds and try again... (tryings = 162, bot id = 8951252054)
2026-08-17 18:11:45,311 - ERROR - aiogram.dispatcher - Failed to fetch updates - TelegramConflictError: Telegram server says - Conflict: terminated by other getUpdates request; make sure that only one bot instance is running
2026-08-17 18:11:45,311 - WARNING - aiogram.dispatcher - Sleep for 4.973758 seconds and try again... (tryings = 163, bot id = 8951252054)
2026-08-17 18:11:55,599 - ERROR - aiogram.dispatcher - Failed to fetch updates - TelegramConflictError: Telegram server says - Conflict: terminated by other getUpdates request; make sure that only one bot instance is running
2026-08-17 18:11:55,599 - WARNING - aiogram.dispatcher - Sleep for 5.139747 seconds and try again... (tryings = 164, bot id = 8951252054)
2026-08-17 18:12:06,015 - ERROR - aiogram.dispatcher - Failed to fetch updates - TelegramConflictError: Telegram server says - Conflict: terminated by other getUpdates request; make sure that only one bot instance is running
2026-08-17 18:12:06,021 - WARNING - aiogram.dispatcher - Sleep for 5.042281 seconds and try again... (tryings = 165, bot id = 8951252054)
2026-08-17 18:12:16,258 - ERROR - aiogram.dispatcher - Failed to fetch updates - TelegramConflictError: Telegram server says - Conflict: terminated by other getUpdates request; make sure that only one bot instance is running
2026-08-17 18:12:16,274 - WARNING - aiogram.dispatcher - Sleep for 4.866921 seconds and try again... (tryings = 166, bot id = 8951252054)
2026-08-17 18:12:26,387 - ERROR - aiogram.dispatcher - Failed to fetch updates - TelegramConflictError: Telegram server says - Conflict: terminated by other getUpdates request; make sure that only one bot instance is running
2026-08-17 18:12:26,396 - WARNING - aiogram.dispatcher - Sleep for 5.000901 seconds and try again... (tryings = 167, bot id = 8951252054)
2026-08-17 18:12:36,713 - ERROR - aiogram.dispatcher - Failed to fetch updates - TelegramConflictError: Telegram server says - Conflict: terminated by other getUpdates request; make sure that only one bot instance is running
2026-08-17 18:12:36,722 - WARNING - aiogram.dispatcher - Sleep for 4.897205 seconds and try again... (tryings = 168, bot id = 8951252054)
2026-08-17 18:12:46,899 - ERROR - aiogram.dispatcher - Failed to fetch updates - TelegramConflictError: Telegram server says - Conflict: terminated by other getUpdates request; make sure that only one bot instance is running
2026-08-17 18:12:46,913 - WARNING - aiogram.dispatcher - Sleep for 4.881529 seconds and try again... (tryings = 169, bot id = 8951252054)
2026-08-17 18:12:57,002 - ERROR - aiogram.dispatcher - Failed to fetch updates - TelegramConflictError: Telegram server says - Conflict: terminated by other getUpdates request; make sure that only one bot instance is running
2026-08-17 18:12:57,009 - WARNING - aiogram.dispatcher - Sleep for 5.154318 seconds and try again... (tryings = 170, bot id = 8951252054)
2026-08-17 18:13:07,431 - ERROR - aiogram.dispatcher - Failed to fetch updates - TelegramConflictError: Telegram server says - Conflict: terminated by other getUpdates request; make sure that only one bot instance is running
2026-08-17 18:13:07,438 - WARNING - aiogram.dispatcher - Sleep for 4.888850 seconds and try again... (tryings = 171, bot id = 8951252054)
2026-08-17 18:13:17,546 - ERROR - aiogram.dispatcher - Failed to fetch updates - TelegramConflictError: Telegram server says - Conflict: terminated by other getUpdates request; make sure that only one bot instance is running
2026-08-17 18:13:17,563 - WARNING - aiogram.dispatcher - Sleep for 4.994918 seconds and try again... (tryings = 172, bot id = 8951252054)
2026-08-17 18:13:27,886 - ERROR - aiogram.dispatcher - Failed to fetch updates - TelegramConflictError: Telegram server says - Conflict: terminated by other getUpdates request; make sure that only one bot instance is running
2026-08-17 18:13:27,903 - WARNING - aiogram.dispatcher - Sleep for 4.938594 seconds and try again... (tryings = 173, bot id = 8951252054)
2026-08-17 18:13:38,028 - ERROR - aiogram.dispatcher - Failed to fetch updates - TelegramConflictError: Telegram server says - Conflict: terminated by other getUpdates request; make sure that only one bot instance is running
2026-08-17 18:13:38,040 - WARNING - aiogram.dispatcher - Sleep for 4.964610 seconds and try again... (tryings = 174, bot id = 8951252054)
2026-08-17 18:13:48,251 - ERROR - aiogram.dispatcher - Failed to fetch updates - TelegramConflictError: Telegram server says - Conflict: terminated by other getUpdates request; make sure that only one bot instance is running
2026-08-17 18:13:48,268 - WARNING - aiogram.dispatcher - Sleep for 5.001440 seconds and try again... (tryings = 175, bot id = 8951252054)
2026-08-17 18:13:58,748 - ERROR - aiogram.dispatcher - Failed to fetch updates - TelegramConflictError: Telegram server says - Conflict: terminated by other getUpdates request; make sure that only one bot instance is running
2026-08-17 18:13:58,748 - WARNING - aiogram.dispatcher - Sleep for 5.000319 seconds and try again... (tryings = 176, bot id = 8951252054)
2026-08-17 18:14:09,038 - ERROR - aiogram.dispatcher - Failed to fetch updates - TelegramConflictError: Telegram server says - Conflict: terminated by other getUpdates request; make sure that only one bot instance is running
2026-08-17 18:14:09,050 - WARNING - aiogram.dispatcher - Sleep for 4.830103 seconds and try again... (tryings = 177, bot id = 8951252054)
2026-08-17 18:14:19,159 - ERROR - aiogram.dispatcher - Failed to fetch updates - TelegramConflictError: Telegram server says - Conflict: terminated by other getUpdates request; make sure that only one bot instance is running
2026-08-17 18:14:19,166 - WARNING - aiogram.dispatcher - Sleep for 4.984329 seconds and try again... (tryings = 178, bot id = 8951252054)
2026-08-17 18:14:29,211 - ERROR - aiogram.dispatcher - Failed to fetch updates - TelegramConflictError: Telegram server says - Conflict: terminated by other getUpdates request; make sure that only one bot instance is running
2026-08-17 18:14:29,217 - WARNING - aiogram.dispatcher - Sleep for 4.907364 seconds and try again... (tryings = 179, bot id = 8951252054)
2026-08-17 18:14:39,326 - ERROR - aiogram.dispatcher - Failed to fetch updates - TelegramConflictError: Telegram server says - Conflict: terminated by other getUpdates request; make sure that only one bot instance is running
2026-08-17 18:14:39,335 - WARNING - aiogram.dispatcher - Sleep for 4.973298 seconds and try again... (tryings = 180, bot id = 8951252054)
2026-08-17 18:14:49,633 - ERROR - aiogram.dispatcher - Failed to fetch updates - TelegramConflictError: Telegram server says - Conflict: terminated by other getUpdates request; make sure that only one bot instance is running
2026-08-17 18:14:49,642 - WARNING - aiogram.dispatcher - Sleep for 5.212634 seconds and try again... (tryings = 181, bot id = 8951252054)
2026-08-17 18:15:00,050 - ERROR - aiogram.dispatcher - Failed to fetch updates - TelegramConflictError: Telegram server says - Conflict: terminated by other getUpdates request; make sure that only one bot instance is running
2026-08-17 18:15:00,065 - WARNING - aiogram.dispatcher - Sleep for 4.937151 seconds and try again... (tryings = 182, bot id = 8951252054)
2026-08-17 18:15:10,140 - ERROR - aiogram.dispatcher - Failed to fetch updates - TelegramConflictError: Telegram server says - Conflict: terminated by other getUpdates request; make sure that only one bot instance is running
2026-08-17 18:15:10,156 - WARNING - aiogram.dispatcher - Sleep for 4.878565 seconds and try again... (tryings = 183, bot id = 8951252054)
2026-08-17 18:15:20,046 - ERROR - aiogram.dispatcher - Failed to fetch updates - TelegramConflictError: Telegram server says - Conflict: terminated by other getUpdates request; make sure that only one bot instance is running
2026-08-17 18:15:20,056 - WARNING - aiogram.dispatcher - Sleep for 4.867573 seconds and try again... (tryings = 184, bot id = 8951252054)
2026-08-17 18:15:30,166 - ERROR - aiogram.dispatcher - Failed to fetch updates - TelegramConflictError: Telegram server says - Conflict: terminated by other getUpdates request; make sure that only one bot instance is running
2026-08-17 18:15:30,166 - WARNING - aiogram.dispatcher - Sleep for 4.971388 seconds and try again... (tryings = 185, bot id = 8951252054)
2026-08-17 18:15:40,344 - ERROR - aiogram.dispatcher - Failed to fetch updates - TelegramConflictError: Telegram server says - Conflict: terminated by other getUpdates request; make sure that only one bot instance is running
2026-08-17 18:15:40,358 - WARNING - aiogram.dispatcher - Sleep for 4.946730 seconds and try again... (tryings = 186, bot id = 8951252054)
2026-08-17 18:15:50,395 - ERROR - aiogram.dispatcher - Failed to fetch updates - TelegramConflictError: Telegram server says - Conflict: terminated by other getUpdates request; make sure that only one bot instance is running
2026-08-17 18:15:50,395 - WARNING - aiogram.dispatcher - Sleep for 5.141016 seconds and try again... (tryings = 187, bot id = 8951252054)
2026-08-17 18:16:00,749 - ERROR - aiogram.dispatcher - Failed to fetch updates - TelegramConflictError: Telegram server says - Conflict: terminated by other getUpdates request; make sure that only one bot instance is running
2026-08-17 18:16:00,764 - WARNING - aiogram.dispatcher - Sleep for 5.066532 seconds and try again... (tryings = 188, bot id = 8951252054)
2026-08-17 18:16:10,884 - ERROR - aiogram.dispatcher - Failed to fetch updates - TelegramConflictError: Telegram server says - Conflict: terminated by other getUpdates request; make sure that only one bot instance is running
2026-08-17 18:16:10,932 - WARNING - aiogram.dispatcher - Sleep for 5.068205 seconds and try again... (tryings = 189, bot id = 8951252054)
2026-08-17 18:16:21,128 - ERROR - aiogram.dispatcher - Failed to fetch updates - TelegramConflictError: Telegram server says - Conflict: terminated by other getUpdates request; make sure that only one bot instance is running
2026-08-17 18:16:21,128 - WARNING - aiogram.dispatcher - Sleep for 5.090138 seconds and try again... (tryings = 190, bot id = 8951252054)
2026-08-17 18:16:31,453 - ERROR - aiogram.dispatcher - Failed to fetch updates - TelegramConflictError: Telegram server says - Conflict: terminated by other getUpdates request; make sure that only one bot instance is running
2026-08-17 18:16:31,453 - WARNING - aiogram.dispatcher - Sleep for 5.070780 seconds and try again... (tryings = 191, bot id = 8951252054)
2026-08-17 18:16:41,702 - ERROR - aiogram.dispatcher - Failed to fetch updates - TelegramConflictError: Telegram server says - Conflict: terminated by other getUpdates request; make sure that only one bot instance is running
2026-08-17 18:16:41,711 - WARNING - aiogram.dispatcher - Sleep for 4.980663 seconds and try again... (tryings = 192, bot id = 8951252054)
2026-08-17 18:16:51,847 - ERROR - aiogram.dispatcher - Failed to fetch updates - TelegramConflictError: Telegram server says - Conflict: terminated by other getUpdates request; make sure that only one bot instance is running
2026-08-17 18:16:51,866 - WARNING - aiogram.dispatcher - Sleep for 4.937557 seconds and try again... (tryings = 193, bot id = 8951252054)
2026-08-17 18:17:02,246 - ERROR - aiogram.dispatcher - Failed to fetch updates - TelegramConflictError: Telegram server says - Conflict: terminated by other getUpdates request; make sure that only one bot instance is running
2026-08-17 18:17:02,246 - WARNING - aiogram.dispatcher - Sleep for 4.882661 seconds and try again... (tryings = 194, bot id = 8951252054)
2026-08-17 18:17:12,358 - ERROR - aiogram.dispatcher - Failed to fetch updates - TelegramConflictError: Telegram server says - Conflict: terminated by other getUpdates request; make sure that only one bot instance is running
2026-08-17 18:17:12,372 - WARNING - aiogram.dispatcher - Sleep for 5.072398 seconds and try again... (tryings = 195, bot id = 8951252054)
2026-08-17 18:17:22,726 - ERROR - aiogram.dispatcher - Failed to fetch updates - TelegramConflictError: Telegram server says - Conflict: terminated by other getUpdates request; make sure that only one bot instance is running
2026-08-17 18:17:22,726 - WARNING - aiogram.dispatcher - Sleep for 4.975184 seconds and try again... (tryings = 196, bot id = 8951252054)
2026-08-17 18:17:32,863 - ERROR - aiogram.dispatcher - Failed to fetch updates - TelegramConflictError: Telegram server says - Conflict: terminated by other getUpdates request; make sure that only one bot instance is running
2026-08-17 18:17:32,863 - WARNING - aiogram.dispatcher - Sleep for 5.049427 seconds and try again... (tryings = 197, bot id = 8951252054)
2026-08-17 18:17:43,160 - ERROR - aiogram.dispatcher - Failed to fetch updates - TelegramConflictError: Telegram server says - Conflict: terminated by other getUpdates request; make sure that only one bot instance is running
2026-08-17 18:17:43,167 - WARNING - aiogram.dispatcher - Sleep for 4.818769 seconds and try again... (tryings = 198, bot id = 8951252054)
2026-08-17 18:17:53,296 - ERROR - aiogram.dispatcher - Failed to fetch updates - TelegramConflictError: Telegram server says - Conflict: terminated by other getUpdates request; make sure that only one bot instance is running
2026-08-17 18:17:53,296 - WARNING - aiogram.dispatcher - Sleep for 4.856250 seconds and try again... (tryings = 199, bot id = 8951252054)
2026-08-17 18:18:03,101 - ERROR - aiogram.dispatcher - Failed to fetch updates - TelegramConflictError: Telegram server says - Conflict: terminated by other getUpdates request; make sure that only one bot instance is running
2026-08-17 18:18:03,101 - WARNING - aiogram.dispatcher - Sleep for 4.984088 seconds and try again... (tryings = 200, bot id = 8951252054)
2026-08-17 18:18:13,350 - ERROR - aiogram.dispatcher - Failed to fetch updates - TelegramConflictError: Telegram server says - Conflict: terminated by other getUpdates request; make sure that only one bot instance is running
2026-08-17 18:18:13,359 - WARNING - aiogram.dispatcher - Sleep for 4.930588 seconds and try again... (tryings = 201, bot id = 8951252054)
2026-08-17 18:18:23,584 - ERROR - aiogram.dispatcher - Failed to fetch updates - TelegramConflictError: Telegram server says - Conflict: terminated by other getUpdates request; make sure that only one bot instance is running
2026-08-17 18:18:23,584 - WARNING - aiogram.dispatcher - Sleep for 5.049249 seconds and try again... (tryings = 202, bot id = 8951252054)
2026-08-17 18:18:34,840 - ERROR - aiogram.dispatcher - Failed to fetch updates - TelegramConflictError: Telegram server says - Conflict: terminated by other getUpdates request; make sure that only one bot instance is running
2026-08-17 18:18:34,843 - WARNING - aiogram.dispatcher - Sleep for 5.028120 seconds and try again... (tryings = 203, bot id = 8951252054)
2026-08-17 18:18:45,111 - ERROR - aiogram.dispatcher - Failed to fetch updates - TelegramConflictError: Telegram server says - Conflict: terminated by other getUpdates request; make sure that only one bot instance is running
2026-08-17 18:18:45,129 - WARNING - aiogram.dispatcher - Sleep for 4.831787 seconds and try again... (tryings = 204, bot id = 8951252054)
2026-08-17 18:18:55,093 - ERROR - aiogram.dispatcher - Failed to fetch updates - TelegramConflictError: Telegram server says - Conflict: terminated by other getUpdates request; make sure that only one bot instance is running
2026-08-17 18:18:55,093 - WARNING - aiogram.dispatcher - Sleep for 4.926844 seconds and try again... (tryings = 205, bot id = 8951252054)
2026-08-17 18:19:05,272 - ERROR - aiogram.dispatcher - Failed to fetch updates - TelegramConflictError: Telegram server says - Conflict: terminated by other getUpdates request; make sure that only one bot instance is running
2026-08-17 18:19:05,286 - WARNING - aiogram.dispatcher - Sleep for 5.165732 seconds and try again... (tryings = 206, bot id = 8951252054)
2026-08-17 18:19:15,895 - ERROR - aiogram.dispatcher - Failed to fetch updates - TelegramConflictError: Telegram server says - Conflict: terminated by other getUpdates request; make sure that only one bot instance is running
2026-08-17 18:19:15,915 - WARNING - aiogram.dispatcher - Sleep for 5.037014 seconds and try again... (tryings = 207, bot id = 8951252054)
2026-08-17 18:19:26,178 - ERROR - aiogram.dispatcher - Failed to fetch updates - TelegramConflictError: Telegram server says - Conflict: terminated by other getUpdates request; make sure that only one bot instance is running
2026-08-17 18:19:26,191 - WARNING - aiogram.dispatcher - Sleep for 4.971850 seconds and try again... (tryings = 208, bot id = 8951252054)
2026-08-17 18:19:36,373 - ERROR - aiogram.dispatcher - Failed to fetch updates - TelegramConflictError: Telegram server says - Conflict: terminated by other getUpdates request; make sure that only one bot instance is running
2026-08-17 18:19:36,379 - WARNING - aiogram.dispatcher - Sleep for 4.930379 seconds and try again... (tryings = 209, bot id = 8951252054)
2026-08-17 18:19:46,488 - ERROR - aiogram.dispatcher - Failed to fetch updates - TelegramConflictError: Telegram server says - Conflict: terminated by other getUpdates request; make sure that only one bot instance is running
2026-08-17 18:19:46,507 - WARNING - aiogram.dispatcher - Sleep for 4.950370 seconds and try again... (tryings = 210, bot id = 8951252054)
2026-08-17 18:19:56,717 - ERROR - aiogram.dispatcher - Failed to fetch updates - TelegramConflictError: Telegram server says - Conflict: terminated by other getUpdates request; make sure that only one bot instance is running
2026-08-17 18:19:56,735 - WARNING - aiogram.dispatcher - Sleep for 5.042368 seconds and try again... (tryings = 211, bot id = 8951252054)
2026-08-17 18:20:06,878 - ERROR - aiogram.dispatcher - Failed to fetch updates - TelegramConflictError: Telegram server says - Conflict: terminated by other getUpdates request; make sure that only one bot instance is running
2026-08-17 18:20:06,889 - WARNING - aiogram.dispatcher - Sleep for 5.084428 seconds and try again... (tryings = 212, bot id = 8951252054)
2026-08-17 18:20:17,105 - ERROR - aiogram.dispatcher - Failed to fetch updates - TelegramConflictError: Telegram server says - Conflict: terminated by other getUpdates request; make sure that only one bot instance is running
2026-08-17 18:20:17,123 - WARNING - aiogram.dispatcher - Sleep for 5.031023 seconds and try again... (tryings = 213, bot id = 8951252054)
2026-08-17 18:20:27,372 - ERROR - aiogram.dispatcher - Failed to fetch updates - TelegramConflictError: Telegram server says - Conflict: terminated by other getUpdates request; make sure that only one bot instance is running
2026-08-17 18:20:27,378 - WARNING - aiogram.dispatcher - Sleep for 5.076734 seconds and try again... (tryings = 214, bot id = 8951252054)
2026-08-17 18:20:37,585 - ERROR - aiogram.dispatcher - Failed to fetch updates - TelegramConflictError: Telegram server says - Conflict: terminated by other getUpdates request; make sure that only one bot instance is running
2026-08-17 18:20:37,600 - WARNING - aiogram.dispatcher - Sleep for 4.925613 seconds and try again... (tryings = 215, bot id = 8951252054)
2026-08-17 18:20:47,673 - ERROR - aiogram.dispatcher - Failed to fetch updates - TelegramConflictError: Telegram server says - Conflict: terminated by other getUpdates request; make sure that only one bot instance is running
2026-08-17 18:20:47,681 - WARNING - aiogram.dispatcher - Sleep for 4.865531 seconds and try again... (tryings = 216, bot id = 8951252054)
2026-08-17 18:20:57,831 - ERROR - aiogram.dispatcher - Failed to fetch updates - TelegramConflictError: Telegram server says - Conflict: terminated by other getUpdates request; make sure that only one bot instance is running
2026-08-17 18:20:57,831 - WARNING - aiogram.dispatcher - Sleep for 5.031513 seconds and try again... (tryings = 217, bot id = 8951252054)
2026-08-17 18:21:08,045 - ERROR - aiogram.dispatcher - Failed to fetch updates - TelegramConflictError: Telegram server says - Conflict: terminated by other getUpdates request; make sure that only one bot instance is running
2026-08-17 18:21:08,059 - WARNING - aiogram.dispatcher - Sleep for 4.886647 seconds and try again... (tryings = 218, bot id = 8951252054)
2026-08-17 18:21:18,052 - ERROR - aiogram.dispatcher - Failed to fetch updates - TelegramConflictError: Telegram server says - Conflict: terminated by other getUpdates request; make sure that only one bot instance is running
2026-08-17 18:21:18,061 - WARNING - aiogram.dispatcher - Sleep for 5.001384 seconds and try again... (tryings = 219, bot id = 8951252054)
2026-08-17 18:21:28,376 - ERROR - aiogram.dispatcher - Failed to fetch updates - TelegramConflictError: Telegram server says - Conflict: terminated by other getUpdates request; make sure that only one bot instance is running
2026-08-17 18:21:28,383 - WARNING - aiogram.dispatcher - Sleep for 4.993215 seconds and try again... (tryings = 220, bot id = 8951252054)
2026-08-17 18:21:38,604 - ERROR - aiogram.dispatcher - Failed to fetch updates - TelegramConflictError: Telegram server says - Conflict: terminated by other getUpdates request; make sure that only one bot instance is running
2026-08-17 18:21:38,618 - WARNING - aiogram.dispatcher - Sleep for 5.066080 seconds and try again... (tryings = 221, bot id = 8951252054)
2026-08-17 18:21:48,861 - ERROR - aiogram.dispatcher - Failed to fetch updates - TelegramConflictError: Telegram server says - Conflict: terminated by other getUpdates request; make sure that only one bot instance is running
2026-08-17 18:21:48,917 - WARNING - aiogram.dispatcher - Sleep for 5.074967 seconds and try again... (tryings = 222, bot id = 8951252054)
2026-08-17 18:21:59,244 - ERROR - aiogram.dispatcher - Failed to fetch updates - TelegramConflictError: Telegram server says - Conflict: terminated by other getUpdates request; make sure that only one bot instance is running
2026-08-17 18:21:59,244 - WARNING - aiogram.dispatcher - Sleep for 4.974549 seconds and try again... (tryings = 223, bot id = 8951252054)
2026-08-17 18:22:09,606 - ERROR - aiogram.dispatcher - Failed to fetch updates - TelegramConflictError: Telegram server says - Conflict: terminated by other getUpdates request; make sure that only one bot instance is running
2026-08-17 18:22:09,623 - WARNING - aiogram.dispatcher - Sleep for 5.057058 seconds and try again... (tryings = 224, bot id = 8951252054)
2026-08-17 18:22:19,878 - ERROR - aiogram.dispatcher - Failed to fetch updates - TelegramConflictError: Telegram server says - Conflict: terminated by other getUpdates request; make sure that only one bot instance is running
2026-08-17 18:22:19,894 - WARNING - aiogram.dispatcher - Sleep for 4.947681 seconds and try again... (tryings = 225, bot id = 8951252054)
2026-08-17 18:22:30,156 - ERROR - aiogram.dispatcher - Failed to fetch updates - TelegramConflictError: Telegram server says - Conflict: terminated by other getUpdates request; make sure that only one bot instance is running
2026-08-17 18:22:30,156 - WARNING - aiogram.dispatcher - Sleep for 5.017408 seconds and try again... (tryings = 226, bot id = 8951252054)
2026-08-17 18:22:40,471 - ERROR - aiogram.dispatcher - Failed to fetch updates - TelegramConflictError: Telegram server says - Conflict: terminated by other getUpdates request; make sure that only one bot instance is running
2026-08-17 18:22:40,480 - WARNING - aiogram.dispatcher - Sleep for 5.106301 seconds and try again... (tryings = 227, bot id = 8951252054)
2026-08-17 18:22:50,592 - ERROR - aiogram.dispatcher - Failed to fetch updates - TelegramConflictError: Telegram server says - Conflict: terminated by other getUpdates request; make sure that only one bot instance is running
2026-08-17 18:22:50,592 - WARNING - aiogram.dispatcher - Sleep for 5.013052 seconds and try again... (tryings = 228, bot id = 8951252054)
2026-08-17 18:23:00,912 - ERROR - aiogram.dispatcher - Failed to fetch updates - TelegramConflictError: Telegram server says - Conflict: terminated by other getUpdates request; make sure that only one bot instance is running
2026-08-17 18:23:00,922 - WARNING - aiogram.dispatcher - Sleep for 4.928561 seconds and try again... (tryings = 229, bot id = 8951252054)
2026-08-17 18:23:11,117 - ERROR - aiogram.dispatcher - Failed to fetch updates - TelegramConflictError: Telegram server says - Conflict: terminated by other getUpdates request; make sure that only one bot instance is running
2026-08-17 18:23:11,122 - WARNING - aiogram.dispatcher - Sleep for 4.934371 seconds and try again... (tryings = 230, bot id = 8951252054)
2026-08-17 18:23:21,258 - ERROR - aiogram.dispatcher - Failed to fetch updates - TelegramConflictError: Telegram server says - Conflict: terminated by other getUpdates request; make sure that only one bot instance is running
2026-08-17 18:23:21,309 - WARNING - aiogram.dispatcher - Sleep for 5.049099 seconds and try again... (tryings = 231, bot id = 8951252054)
2026-08-17 18:23:31,477 - ERROR - aiogram.dispatcher - Failed to fetch updates - TelegramConflictError: Telegram server says - Conflict: terminated by other getUpdates request; make sure that only one bot instance is running
2026-08-17 18:23:31,477 - WARNING - aiogram.dispatcher - Sleep for 4.922009 seconds and try again... (tryings = 232, bot id = 8951252054)
2026-08-17 18:23:41,588 - ERROR - aiogram.dispatcher - Failed to fetch updates - TelegramConflictError: Telegram server says - Conflict: terminated by other getUpdates request; make sure that only one bot instance is running
2026-08-17 18:23:41,604 - WARNING - aiogram.dispatcher - Sleep for 5.053628 seconds and try again... (tryings = 233, bot id = 8951252054)
2026-08-17 18:23:52,182 - ERROR - aiogram.dispatcher - Failed to fetch updates - TelegramConflictError: Telegram server says - Conflict: terminated by other getUpdates request; make sure that only one bot instance is running
2026-08-17 18:23:52,188 - WARNING - aiogram.dispatcher - Sleep for 4.878931 seconds and try again... (tryings = 234, bot id = 8951252054)
2026-08-17 18:24:02,298 - ERROR - aiogram.dispatcher - Failed to fetch updates - TelegramConflictError: Telegram server says - Conflict: terminated by other getUpdates request; make sure that only one bot instance is running
2026-08-17 18:24:02,314 - WARNING - aiogram.dispatcher - Sleep for 4.971684 seconds and try again... (tryings = 235, bot id = 8951252054)
2026-08-17 18:24:12,383 - ERROR - aiogram.dispatcher - Failed to fetch updates - TelegramConflictError: Telegram server says - Conflict: terminated by other getUpdates request; make sure that only one bot instance is running
2026-08-17 18:24:12,392 - WARNING - aiogram.dispatcher - Sleep for 5.011661 seconds and try again... (tryings = 236, bot id = 8951252054)
2026-08-17 18:24:22,573 - ERROR - aiogram.dispatcher - Failed to fetch updates - TelegramConflictError: Telegram server says - Conflict: terminated by other getUpdates request; make sure that only one bot instance is running
2026-08-17 18:24:22,623 - WARNING - aiogram.dispatcher - Sleep for 4.961668 seconds and try again... (tryings = 237, bot id = 8951252054)
2026-08-17 18:24:32,763 - ERROR - aiogram.dispatcher - Failed to fetch updates - TelegramConflictError: Telegram server says - Conflict: terminated by other getUpdates request; make sure that only one bot instance is running
2026-08-17 18:24:32,775 - WARNING - aiogram.dispatcher - Sleep for 5.058787 seconds and try again... (tryings = 238, bot id = 8951252054)
2026-08-17 18:24:43,551 - ERROR - aiogram.dispatcher - Failed to fetch updates - TelegramConflictError: Telegram server says - Conflict: terminated by other getUpdates request; make sure that only one bot instance is running
2026-08-17 18:24:43,567 - WARNING - aiogram.dispatcher - Sleep for 5.222177 seconds and try again... (tryings = 239, bot id = 8951252054)
2026-08-17 18:24:53,935 - ERROR - aiogram.dispatcher - Failed to fetch updates - TelegramConflictError: Telegram server says - Conflict: terminated by other getUpdates request; make sure that only one bot instance is running
2026-08-17 18:24:53,949 - WARNING - aiogram.dispatcher - Sleep for 5.176400 seconds and try again... (tryings = 240, bot id = 8951252054)
2026-08-17 18:25:04,446 - ERROR - aiogram.dispatcher - Failed to fetch updates - TelegramConflictError: Telegram server says - Conflict: terminated by other getUpdates request; make sure that only one bot instance is running
2026-08-17 18:25:04,494 - WARNING - aiogram.dispatcher - Sleep for 5.094819 seconds and try again... (tryings = 241, bot id = 8951252054)
2026-08-17 18:25:14,894 - ERROR - aiogram.dispatcher - Failed to fetch updates - TelegramConflictError: Telegram server says - Conflict: terminated by other getUpdates request; make sure that only one bot instance is running
2026-08-17 18:25:14,899 - WARNING - aiogram.dispatcher - Sleep for 4.940554 seconds and try again... (tryings = 242, bot id = 8951252054)
2026-08-17 18:25:24,985 - ERROR - aiogram.dispatcher - Failed to fetch updates - TelegramConflictError: Telegram server says - Conflict: terminated by other getUpdates request; make sure that only one bot instance is running
2026-08-17 18:25:25,004 - WARNING - aiogram.dispatcher - Sleep for 4.930448 seconds and try again... (tryings = 243, bot id = 8951252054)
2026-08-17 18:25:35,256 - ERROR - aiogram.dispatcher - Failed to fetch updates - TelegramConflictError: Telegram server says - Conflict: terminated by other getUpdates request; make sure that only one bot instance is running
2026-08-17 18:25:35,275 - WARNING - aiogram.dispatcher - Sleep for 4.949091 seconds and try again... (tryings = 244, bot id = 8951252054)
2026-08-17 18:25:45,448 - ERROR - aiogram.dispatcher - Failed to fetch updates - TelegramConflictError: Telegram server says - Conflict: terminated by other getUpdates request; make sure that only one bot instance is running
2026-08-17 18:25:45,459 - WARNING - aiogram.dispatcher - Sleep for 4.987457 seconds and try again... (tryings = 245, bot id = 8951252054)
2026-08-17 18:25:55,584 - ERROR - aiogram.dispatcher - Failed to fetch updates - TelegramConflictError: Telegram server says - Conflict: terminated by other getUpdates request; make sure that only one bot instance is running
2026-08-17 18:25:55,590 - WARNING - aiogram.dispatcher - Sleep for 4.937791 seconds and try again... (tryings = 246, bot id = 8951252054)
2026-08-17 18:26:05,993 - ERROR - aiogram.dispatcher - Failed to fetch updates - TelegramConflictError: Telegram server says - Conflict: terminated by other getUpdates request; make sure that only one bot instance is running
2026-08-17 18:26:06,005 - WARNING - aiogram.dispatcher - Sleep for 5.049361 seconds and try again... (tryings = 247, bot id = 8951252054)
2026-08-17 18:26:16,393 - ERROR - aiogram.dispatcher - Failed to fetch updates - TelegramConflictError: Telegram server says - Conflict: terminated by other getUpdates request; make sure that only one bot instance is running
2026-08-17 18:26:16,414 - WARNING - aiogram.dispatcher - Sleep for 5.223569 seconds and try again... (tryings = 248, bot id = 8951252054)
2026-08-17 18:26:26,817 - ERROR - aiogram.dispatcher - Failed to fetch updates - TelegramConflictError: Telegram server says - Conflict: terminated by other getUpdates request; make sure that only one bot instance is running
2026-08-17 18:26:26,817 - WARNING - aiogram.dispatcher - Sleep for 5.025465 seconds and try again... (tryings = 249, bot id = 8951252054)
2026-08-17 18:26:36,895 - ERROR - aiogram.dispatcher - Failed to fetch updates - TelegramConflictError: Telegram server says - Conflict: terminated by other getUpdates request; make sure that only one bot instance is running
2026-08-17 18:26:36,909 - WARNING - aiogram.dispatcher - Sleep for 4.947424 seconds and try again... (tryings = 250, bot id = 8951252054)
2026-08-17 18:26:47,104 - ERROR - aiogram.dispatcher - Failed to fetch updates - TelegramConflictError: Telegram server says - Conflict: terminated by other getUpdates request; make sure that only one bot instance is running
2026-08-17 18:26:47,118 - WARNING - aiogram.dispatcher - Sleep for 4.919664 seconds and try again... (tryings = 251, bot id = 8951252054)
2026-08-17 18:26:57,278 - ERROR - aiogram.dispatcher - Failed to fetch updates - TelegramConflictError: Telegram server says - Conflict: terminated by other getUpdates request; make sure that only one bot instance is running
2026-08-17 18:26:57,291 - WARNING - aiogram.dispatcher - Sleep for 5.150970 seconds and try again... (tryings = 252, bot id = 8951252054)
2026-08-17 18:27:07,692 - ERROR - aiogram.dispatcher - Failed to fetch updates - TelegramConflictError: Telegram server says - Conflict: terminated by other getUpdates request; make sure that only one bot instance is running
2026-08-17 18:27:07,705 - WARNING - aiogram.dispatcher - Sleep for 4.807246 seconds and try again... (tryings = 253, bot id = 8951252054)
2026-08-17 18:27:17,717 - ERROR - aiogram.dispatcher - Failed to fetch updates - TelegramConflictError: Telegram server says - Conflict: terminated by other getUpdates request; make sure that only one bot instance is running
2026-08-17 18:27:17,727 - WARNING - aiogram.dispatcher - Sleep for 5.021962 seconds and try again... (tryings = 254, bot id = 8951252054)
2026-08-17 18:27:27,979 - ERROR - aiogram.dispatcher - Failed to fetch updates - TelegramConflictError: Telegram server says - Conflict: terminated by other getUpdates request; make sure that only one bot instance is running
2026-08-17 18:27:27,991 - WARNING - aiogram.dispatcher - Sleep for 5.199094 seconds and try again... (tryings = 255, bot id = 8951252054)
2026-08-17 18:27:38,452 - ERROR - aiogram.dispatcher - Failed to fetch updates - TelegramConflictError: Telegram server says - Conflict: terminated by other getUpdates request; make sure that only one bot instance is running
2026-08-17 18:27:38,472 - WARNING - aiogram.dispatcher - Sleep for 5.038054 seconds and try again... (tryings = 256, bot id = 8951252054)
2026-08-17 18:27:48,777 - ERROR - aiogram.dispatcher - Failed to fetch updates - TelegramConflictError: Telegram server says - Conflict: terminated by other getUpdates request; make sure that only one bot instance is running
2026-08-17 18:27:48,793 - WARNING - aiogram.dispatcher - Sleep for 5.065924 seconds and try again... (tryings = 257, bot id = 8951252054)
2026-08-17 18:27:59,051 - ERROR - aiogram.dispatcher - Failed to fetch updates - TelegramConflictError: Telegram server says - Conflict: terminated by other getUpdates request; make sure that only one bot instance is running
2026-08-17 18:27:59,051 - WARNING - aiogram.dispatcher - Sleep for 5.015231 seconds and try again... (tryings = 258, bot id = 8951252054)
2026-08-17 18:28:09,425 - ERROR - aiogram.dispatcher - Failed to fetch updates - TelegramConflictError: Telegram server says - Conflict: terminated by other getUpdates request; make sure that only one bot instance is running
2026-08-17 18:28:09,425 - WARNING - aiogram.dispatcher - Sleep for 5.009125 seconds and try again... (tryings = 259, bot id = 8951252054)
2026-08-17 18:28:19,558 - ERROR - aiogram.dispatcher - Failed to fetch updates - TelegramConflictError: Telegram server says - Conflict: terminated by other getUpdates request; make sure that only one bot instance is running
2026-08-17 18:28:19,558 - WARNING - aiogram.dispatcher - Sleep for 4.944826 seconds and try again... (tryings = 260, bot id = 8951252054)
2026-08-17 18:28:29,591 - ERROR - aiogram.dispatcher - Failed to fetch updates - TelegramConflictError: Telegram server says - Conflict: terminated by other getUpdates request; make sure that only one bot instance is running
2026-08-17 18:28:29,609 - WARNING - aiogram.dispatcher - Sleep for 4.898734 seconds and try again... (tryings = 261, bot id = 8951252054)
2026-08-17 18:28:39,609 - ERROR - aiogram.dispatcher - Failed to fetch updates - TelegramConflictError: Telegram server says - Conflict: terminated by other getUpdates request; make sure that only one bot instance is running
2026-08-17 18:28:39,621 - WARNING - aiogram.dispatcher - Sleep for 4.816105 seconds and try again... (tryings = 262, bot id = 8951252054)
2026-08-17 18:28:49,660 - ERROR - aiogram.dispatcher - Failed to fetch updates - TelegramConflictError: Telegram server says - Conflict: terminated by other getUpdates request; make sure that only one bot instance is running
2026-08-17 18:28:49,666 - WARNING - aiogram.dispatcher - Sleep for 4.881291 seconds and try again... (tryings = 263, bot id = 8951252054)
2026-08-17 18:28:59,988 - ERROR - aiogram.dispatcher - Failed to fetch updates - TelegramConflictError: Telegram server says - Conflict: terminated by other getUpdates request; make sure that only one bot instance is running
2026-08-17 18:29:00,004 - WARNING - aiogram.dispatcher - Sleep for 5.106820 seconds and try again... (tryings = 264, bot id = 8951252054)
2026-08-17 18:29:10,159 - ERROR - aiogram.dispatcher - Failed to fetch updates - TelegramConflictError: Telegram server says - Conflict: terminated by other getUpdates request; make sure that only one bot instance is running
2026-08-17 18:29:10,166 - WARNING - aiogram.dispatcher - Sleep for 5.310384 seconds and try again... (tryings = 265, bot id = 8951252054)
2026-08-17 18:29:20,717 - ERROR - aiogram.dispatcher - Failed to fetch updates - TelegramConflictError: Telegram server says - Conflict: terminated by other getUpdates request; make sure that only one bot instance is running
2026-08-17 18:29:20,734 - WARNING - aiogram.dispatcher - Sleep for 4.953705 seconds and try again... (tryings = 266, bot id = 8951252054)
2026-08-17 18:29:30,846 - ERROR - aiogram.dispatcher - Failed to fetch updates - TelegramConflictError: Telegram server says - Conflict: terminated by other getUpdates request; make sure that only one bot instance is running
2026-08-17 18:29:30,860 - WARNING - aiogram.dispatcher - Sleep for 5.086992 seconds and try again... (tryings = 267, bot id = 8951252054)
2026-08-17 18:29:41,221 - ERROR - aiogram.dispatcher - Failed to fetch updates - TelegramConflictError: Telegram server says - Conflict: terminated by other getUpdates request; make sure that only one bot instance is running
2026-08-17 18:29:41,230 - WARNING - aiogram.dispatcher - Sleep for 4.954348 seconds and try again... (tryings = 268, bot id = 8951252054)
2026-08-17 18:29:51,560 - ERROR - aiogram.dispatcher - Failed to fetch updates - TelegramConflictError: Telegram server says - Conflict: terminated by other getUpdates request; make sure that only one bot instance is running
2026-08-17 18:29:51,560 - WARNING - aiogram.dispatcher - Sleep for 4.957685 seconds and try again... (tryings = 269, bot id = 8951252054)
2026-08-17 18:30:01,736 - ERROR - aiogram.dispatcher - Failed to fetch updates - TelegramConflictError: Telegram server says - Conflict: terminated by other getUpdates request; make sure that only one bot instance is running
2026-08-17 18:30:01,742 - WARNING - aiogram.dispatcher - Sleep for 5.058095 seconds and try again... (tryings = 270, bot id = 8951252054)
2026-08-17 18:30:11,997 - ERROR - aiogram.dispatcher - Failed to fetch updates - TelegramConflictError: Telegram server says - Conflict: terminated by other getUpdates request; make sure that only one bot instance is running
2026-08-17 18:30:12,014 - WARNING - aiogram.dispatcher - Sleep for 5.074406 seconds and try again... (tryings = 271, bot id = 8951252054)
2026-08-17 18:30:22,167 - ERROR - aiogram.dispatcher - Failed to fetch updates - TelegramConflictError: Telegram server says - Conflict: terminated by other getUpdates request; make sure that only one bot instance is running
2026-08-17 18:30:22,177 - WARNING - aiogram.dispatcher - Sleep for 4.785183 seconds and try again... (tryings = 272, bot id = 8951252054)
2026-08-17 18:30:31,999 - ERROR - aiogram.dispatcher - Failed to fetch updates - TelegramConflictError: Telegram server says - Conflict: terminated by other getUpdates request; make sure that only one bot instance is running
2026-08-17 18:30:32,016 - WARNING - aiogram.dispatcher - Sleep for 5.155054 seconds and try again... (tryings = 273, bot id = 8951252054)
2026-08-17 18:30:42,295 - ERROR - aiogram.dispatcher - Failed to fetch updates - TelegramConflictError: Telegram server says - Conflict: terminated by other getUpdates request; make sure that only one bot instance is running
2026-08-17 18:30:42,302 - WARNING - aiogram.dispatcher - Sleep for 5.045849 seconds and try again... (tryings = 274, bot id = 8951252054)
2026-08-17 18:30:52,576 - ERROR - aiogram.dispatcher - Failed to fetch updates - TelegramConflictError: Telegram server says - Conflict: terminated by other getUpdates request; make sure that only one bot instance is running
2026-08-17 18:30:52,589 - WARNING - aiogram.dispatcher - Sleep for 5.032846 seconds and try again... (tryings = 275, bot id = 8951252054)
2026-08-17 18:31:02,977 - ERROR - aiogram.dispatcher - Failed to fetch updates - TelegramConflictError: Telegram server says - Conflict: terminated by other getUpdates request; make sure that only one bot instance is running
2026-08-17 18:31:02,993 - WARNING - aiogram.dispatcher - Sleep for 4.971478 seconds and try again... (tryings = 276, bot id = 8951252054)
2026-08-17 18:31:13,296 - ERROR - aiogram.dispatcher - Failed to fetch updates - TelegramConflictError: Telegram server says - Conflict: terminated by other getUpdates request; make sure that only one bot instance is running
2026-08-17 18:31:13,302 - WARNING - aiogram.dispatcher - Sleep for 4.909665 seconds and try again... (tryings = 277, bot id = 8951252054)
2026-08-17 18:31:23,417 - ERROR - aiogram.dispatcher - Failed to fetch updates - TelegramConflictError: Telegram server says - Conflict: terminated by other getUpdates request; make sure that only one bot instance is running
2026-08-17 18:31:23,437 - WARNING - aiogram.dispatcher - Sleep for 4.831841 seconds and try again... (tryings = 278, bot id = 8951252054)
2026-08-17 18:31:33,277 - ERROR - aiogram.dispatcher - Failed to fetch updates - TelegramConflictError: Telegram server says - Conflict: terminated by other getUpdates request; make sure that only one bot instance is running
2026-08-17 18:31:33,293 - WARNING - aiogram.dispatcher - Sleep for 4.993420 seconds and try again... (tryings = 279, bot id = 8951252054)
2026-08-17 18:31:43,603 - ERROR - aiogram.dispatcher - Failed to fetch updates - TelegramConflictError: Telegram server says - Conflict: terminated by other getUpdates request; make sure that only one bot instance is running
2026-08-17 18:31:43,610 - WARNING - aiogram.dispatcher - Sleep for 5.071822 seconds and try again... (tryings = 280, bot id = 8951252054)
2026-08-17 18:31:54,178 - ERROR - aiogram.dispatcher - Failed to fetch updates - TelegramConflictError: Telegram server says - Conflict: terminated by other getUpdates request; make sure that only one bot instance is running
2026-08-17 18:31:54,186 - WARNING - aiogram.dispatcher - Sleep for 4.813754 seconds and try again... (tryings = 281, bot id = 8951252054)
2026-08-17 18:32:04,123 - ERROR - aiogram.dispatcher - Failed to fetch updates - TelegramConflictError: Telegram server says - Conflict: terminated by other getUpdates request; make sure that only one bot instance is running
2026-08-17 18:32:04,123 - WARNING - aiogram.dispatcher - Sleep for 4.831259 seconds and try again... (tryings = 282, bot id = 8951252054)
2026-08-17 18:32:14,138 - ERROR - aiogram.dispatcher - Failed to fetch updates - TelegramConflictError: Telegram server says - Conflict: terminated by other getUpdates request; make sure that only one bot instance is running
2026-08-17 18:32:14,138 - WARNING - aiogram.dispatcher - Sleep for 5.033501 seconds and try again... (tryings = 283, bot id = 8951252054)
2026-08-17 18:32:24,580 - ERROR - aiogram.dispatcher - Failed to fetch updates - TelegramConflictError: Telegram server says - Conflict: terminated by other getUpdates request; make sure that only one bot instance is running
2026-08-17 18:32:24,596 - WARNING - aiogram.dispatcher - Sleep for 4.800900 seconds and try again... (tryings = 284, bot id = 8951252054)
2026-08-17 18:32:34,541 - ERROR - aiogram.dispatcher - Failed to fetch updates - TelegramConflictError: Telegram server says - Conflict: terminated by other getUpdates request; make sure that only one bot instance is running
2026-08-17 18:32:34,546 - WARNING - aiogram.dispatcher - Sleep for 5.159081 seconds and try again... (tryings = 285, bot id = 8951252054)
2026-08-17 18:32:44,672 - ERROR - aiogram.dispatcher - Failed to fetch updates - TelegramConflictError: Telegram server says - Conflict: terminated by other getUpdates request; make sure that only one bot instance is running
2026-08-17 18:32:44,684 - WARNING - aiogram.dispatcher - Sleep for 5.199506 seconds and try again... (tryings = 286, bot id = 8951252054)
2026-08-17 18:32:55,266 - ERROR - aiogram.dispatcher - Failed to fetch updates - TelegramConflictError: Telegram server says - Conflict: terminated by other getUpdates request; make sure that only one bot instance is running
2026-08-17 18:32:55,266 - WARNING - aiogram.dispatcher - Sleep for 4.894103 seconds and try again... (tryings = 287, bot id = 8951252054)
2026-08-17 18:33:05,411 - ERROR - aiogram.dispatcher - Failed to fetch updates - TelegramConflictError: Telegram server says - Conflict: terminated by other getUpdates request; make sure that only one bot instance is running
2026-08-17 18:33:05,423 - WARNING - aiogram.dispatcher - Sleep for 4.977533 seconds and try again... (tryings = 288, bot id = 8951252054)
2026-08-17 18:33:15,653 - ERROR - aiogram.dispatcher - Failed to fetch updates - TelegramConflictError: Telegram server says - Conflict: terminated by other getUpdates request; make sure that only one bot instance is running
2026-08-17 18:33:15,653 - WARNING - aiogram.dispatcher - Sleep for 4.968804 seconds and try again... (tryings = 289, bot id = 8951252054)
2026-08-17 18:33:25,918 - ERROR - aiogram.dispatcher - Failed to fetch updates - TelegramConflictError: Telegram server says - Conflict: terminated by other getUpdates request; make sure that only one bot instance is running
2026-08-17 18:33:25,918 - WARNING - aiogram.dispatcher - Sleep for 5.100552 seconds and try again... (tryings = 290, bot id = 8951252054)
2026-08-17 18:33:36,184 - ERROR - aiogram.dispatcher - Failed to fetch updates - TelegramConflictError: Telegram server says - Conflict: terminated by other getUpdates request; make sure that only one bot instance is running
2026-08-17 18:33:36,184 - WARNING - aiogram.dispatcher - Sleep for 4.936894 seconds and try again... (tryings = 291, bot id = 8951252054)
2026-08-17 18:33:46,347 - ERROR - aiogram.dispatcher - Failed to fetch updates - TelegramConflictError: Telegram server says - Conflict: terminated by other getUpdates request; make sure that only one bot instance is running
2026-08-17 18:33:46,363 - WARNING - aiogram.dispatcher - Sleep for 4.982375 seconds and try again... (tryings = 292, bot id = 8951252054)
2026-08-17 18:33:56,418 - ERROR - aiogram.dispatcher - Failed to fetch updates - TelegramConflictError: Telegram server says - Conflict: terminated by other getUpdates request; make sure that only one bot instance is running
2026-08-17 18:33:56,434 - WARNING - aiogram.dispatcher - Sleep for 5.084228 seconds and try again... (tryings = 293, bot id = 8951252054)
2026-08-17 18:34:06,736 - ERROR - aiogram.dispatcher - Failed to fetch updates - TelegramConflictError: Telegram server says - Conflict: terminated by other getUpdates request; make sure that only one bot instance is running
2026-08-17 18:34:06,736 - WARNING - aiogram.dispatcher - Sleep for 4.930301 seconds and try again... (tryings = 294, bot id = 8951252054)
2026-08-17 18:34:16,677 - ERROR - aiogram.dispatcher - Failed to fetch updates - TelegramConflictError: Telegram server says - Conflict: terminated by other getUpdates request; make sure that only one bot instance is running
2026-08-17 18:34:16,688 - WARNING - aiogram.dispatcher - Sleep for 4.948235 seconds and try again... (tryings = 295, bot id = 8951252054)
2026-08-17 18:34:26,868 - ERROR - aiogram.dispatcher - Failed to fetch updates - TelegramConflictError: Telegram server says - Conflict: terminated by other getUpdates request; make sure that only one bot instance is running
2026-08-17 18:34:26,868 - WARNING - aiogram.dispatcher - Sleep for 4.992308 seconds and try again... (tryings = 296, bot id = 8951252054)
2026-08-17 18:34:36,950 - ERROR - aiogram.dispatcher - Failed to fetch updates - TelegramConflictError: Telegram server says - Conflict: terminated by other getUpdates request; make sure that only one bot instance is running
2026-08-17 18:34:36,967 - WARNING - aiogram.dispatcher - Sleep for 5.076118 seconds and try again... (tryings = 297, bot id = 8951252054)
2026-08-17 18:34:47,253 - ERROR - aiogram.dispatcher - Failed to fetch updates - TelegramConflictError: Telegram server says - Conflict: terminated by other getUpdates request; make sure that only one bot instance is running
2026-08-17 18:34:47,258 - WARNING - aiogram.dispatcher - Sleep for 5.068335 seconds and try again... (tryings = 298, bot id = 8951252054)
2026-08-17 18:34:57,382 - ERROR - aiogram.dispatcher - Failed to fetch updates - TelegramConflictError: Telegram server says - Conflict: terminated by other getUpdates request; make sure that only one bot instance is running
2026-08-17 18:34:57,403 - WARNING - aiogram.dispatcher - Sleep for 5.146163 seconds and try again... (tryings = 299, bot id = 8951252054)
2026-08-17 18:35:07,867 - ERROR - aiogram.dispatcher - Failed to fetch updates - TelegramConflictError: Telegram server says - Conflict: terminated by other getUpdates request; make sure that only one bot instance is running
2026-08-17 18:35:07,881 - WARNING - aiogram.dispatcher - Sleep for 4.932760 seconds and try again... (tryings = 300, bot id = 8951252054)
2026-08-17 18:35:18,003 - ERROR - aiogram.dispatcher - Failed to fetch updates - TelegramConflictError: Telegram server says - Conflict: terminated by other getUpdates request; make sure that only one bot instance is running
2026-08-17 18:35:18,019 - WARNING - aiogram.dispatcher - Sleep for 4.945179 seconds and try again... (tryings = 301, bot id = 8951252054)
2026-08-17 18:35:28,038 - ERROR - aiogram.dispatcher - Failed to fetch updates - TelegramConflictError: Telegram server says - Conflict: terminated by other getUpdates request; make sure that only one bot instance is running
2026-08-17 18:35:28,049 - WARNING - aiogram.dispatcher - Sleep for 5.079180 seconds and try again... (tryings = 302, bot id = 8951252054)
2026-08-17 18:35:38,442 - ERROR - aiogram.dispatcher - Failed to fetch updates - TelegramConflictError: Telegram server says - Conflict: terminated by other getUpdates request; make sure that only one bot instance is running
2026-08-17 18:35:38,442 - WARNING - aiogram.dispatcher - Sleep for 5.055294 seconds and try again... (tryings = 303, bot id = 8951252054)
2026-08-17 18:35:48,593 - ERROR - aiogram.dispatcher - Failed to fetch updates - TelegramConflictError: Telegram server says - Conflict: terminated by other getUpdates request; make sure that only one bot instance is running
2026-08-17 18:35:48,593 - WARNING - aiogram.dispatcher - Sleep for 5.062186 seconds and try again... (tryings = 304, bot id = 8951252054)
2026-08-17 18:35:58,847 - ERROR - aiogram.dispatcher - Failed to fetch updates - TelegramConflictError: Telegram server says - Conflict: terminated by other getUpdates request; make sure that only one bot instance is running
2026-08-17 18:35:58,862 - WARNING - aiogram.dispatcher - Sleep for 4.903920 seconds and try again... (tryings = 305, bot id = 8951252054)
2026-08-17 18:36:09,023 - ERROR - aiogram.dispatcher - Failed to fetch updates - TelegramConflictError: Telegram server says - Conflict: terminated by other getUpdates request; make sure that only one bot instance is running
2026-08-17 18:36:09,028 - WARNING - aiogram.dispatcher - Sleep for 4.984382 seconds and try again... (tryings = 306, bot id = 8951252054)
2026-08-17 18:36:19,236 - ERROR - aiogram.dispatcher - Failed to fetch updates - TelegramConflictError: Telegram server says - Conflict: terminated by other getUpdates request; make sure that only one bot instance is running
2026-08-17 18:36:19,236 - WARNING - aiogram.dispatcher - Sleep for 5.079028 seconds and try again... (tryings = 307, bot id = 8951252054)
2026-08-17 18:36:29,716 - ERROR - aiogram.dispatcher - Failed to fetch updates - TelegramConflictError: Telegram server says - Conflict: terminated by other getUpdates request; make sure that only one bot instance is running
2026-08-17 18:36:29,718 - WARNING - aiogram.dispatcher - Sleep for 4.942937 seconds and try again... (tryings = 308, bot id = 8951252054)
2026-08-17 18:36:39,894 - ERROR - aiogram.dispatcher - Failed to fetch updates - TelegramConflictError: Telegram server says - Conflict: terminated by other getUpdates request; make sure that only one bot instance is running
2026-08-17 18:36:39,910 - WARNING - aiogram.dispatcher - Sleep for 5.237257 seconds and try again... (tryings = 309, bot id = 8951252054)
2026-08-17 18:36:50,198 - ERROR - aiogram.dispatcher - Failed to fetch updates - TelegramConflictError: Telegram server says - Conflict: terminated by other getUpdates request; make sure that only one bot instance is running
2026-08-17 18:36:50,206 - WARNING - aiogram.dispatcher - Sleep for 4.998977 seconds and try again... (tryings = 310, bot id = 8951252054)
2026-08-17 18:37:00,378 - ERROR - aiogram.dispatcher - Failed to fetch updates - TelegramConflictError: Telegram server says - Conflict: terminated by other getUpdates request; make sure that only one bot instance is running
2026-08-17 18:37:00,378 - WARNING - aiogram.dispatcher - Sleep for 5.058417 seconds and try again... (tryings = 311, bot id = 8951252054)
2026-08-17 18:37:10,755 - ERROR - aiogram.dispatcher - Failed to fetch updates - TelegramConflictError: Telegram server says - Conflict: terminated by other getUpdates request; make sure that only one bot instance is running
2026-08-17 18:37:10,757 - WARNING - aiogram.dispatcher - Sleep for 5.008265 seconds and try again... (tryings = 312, bot id = 8951252054)
2026-09-12 14:25:53,165 - INFO - __main__ - Avtomaktab bot ishga tushmoqda...
2026-09-12 14:25:54,065 - INFO - aiogram.dispatcher - Start polling
2026-09-12 14:25:54,168 - INFO - aiogram.dispatcher - Run polling for bot @dream_avtoinstructor_bot id=8951252054 - 'Moshina xayda bot'
^CTraceback (most recent call last):
  File "C:\Users\farrux\avtomaktab_bot\project\bot.py", line 12, in <module>
    from .database.database import init_db
  File "C:\Users\farrux\avtomaktab_bot\project\database\database.py", line 13, in <module>
    from .models import Base, Instructor, Student, User
  File "C:\Users\farrux\avtomaktab_bot\project\database\models.py", line 10, in <module>
    from ..database.database import (
ImportError: cannot import name 'AsyncSessionLocal' from partially initialized module 'project.database.database' (most likely due to a circular import) (C:\Users\farrux\avtomaktab_bot\project\database\database.py)

During handling of the above exception, another exception occurred:

Traceback (most recent call last):
  File "<frozen runpy>", line 198, in _run_module_as_main
  File "<frozen runpy>", line 88, in _run_code
  File "C:\Users\farrux\avtomaktab_bot\project\bot.py", line 22, in <module>
    from config import settings
ModuleNotFoundError: No module named 'config'
Traceback (most recent call last):
  File "<frozen runpy>", line 198, in _run_module_as_main
  File "<frozen runpy>", line 88, in _run_code
  File "C:\Users\farrux\avtomaktab_bot\project\bot.py", line 14, in <module>
    from .handlers.start import router as start_router
  File "C:\Users\farrux\avtomaktab_bot\project\handlers\start.py", line 10, in <module>
    from ..keyboards.registration import get_registration_type_kb
  File "C:\Users\farrux\avtomaktab_bot\project\keyboards\registration.py", line 67
    text="\ufffd? C",
         ^^^^
SyntaxError: (unicode error) 'utf-8' codec can't decode byte 0xa9 in position 0: invalid start byte
Traceback (most recent call last):
  File "<frozen runpy>", line 198, in _run_module_as_main
  File "<frozen runpy>", line 88, in _run_code
  File "C:\Users\farrux\avtomaktab_bot\project\bot.py", line 153, in <module>
    asyncio.run(main())
  File "C:\Users\farrux\AppData\Local\Programs\Python\Python312\Lib\asyncio\runners.py", line 195, in run
    return runner.run(main)
           ^^^^^^^^^^^^^^^^
  File "C:\Users\farrux\AppData\Local\Programs\Python\Python312\Lib\asyncio\runners.py", line 118, in run
    return self._loop.run_until_complete(task)
           ^^^^^^^^^^^^^^^^^^^^^^^^^^^^^^^^^^^
  File "C:\Users\farrux\AppData\Local\Programs\Python\Python312\Lib\asyncio\base_events.py", line 691, in run_until_complete
    return future.result()
           ^^^^^^^^^^^^^^^
  File "C:\Users\farrux\avtomaktab_bot\project\bot.py", line 105, in main
    await init_db()
  File "C:\Users\farrux\avtomaktab_bot\project\database\database.py", line 87, in init_db
    async with engine.begin() as conn:
               ^^^^^^^^^^^^^^
  File "C:\Users\farrux\AppData\Local\Programs\Python\Python312\Lib\contextlib.py", line 210, in __aenter__
    return await anext(self.gen)
           ^^^^^^^^^^^^^^^^^^^^^
  File "C:\Users\farrux\AppData\Local\Programs\Python\Python312\Lib\site-packages\sqlalchemy\ext\asyncio\engine.py", line 1063, in begin
    async with conn:
               ^^^^
  File "C:\Users\farrux\AppData\Local\Programs\Python\Python312\Lib\site-packages\sqlalchemy\ext\asyncio\base.py", line 121, in __aenter__
    return await self.start(is_ctxmanager=True)
           ^^^^^^^^^^^^^^^^^^^^^^^^^^^^^^^^^^^^
  File "C:\Users\farrux\AppData\Local\Programs\Python\Python312\Lib\site-packages\sqlalchemy\ext\asyncio\engine.py", line 273, in start
    await greenlet_spawn(self.sync_engine.connect)
  File "C:\Users\farrux\AppData\Local\Programs\Python\Python312\Lib\site-packages\sqlalchemy\util\_concurrency_py3k.py", line 201, in greenlet_spawn
    result = context.throw(*sys.exc_info())
             ^^^^^^^^^^^^^^^^^^^^^^^^^^^^^^
  File "C:\Users\farrux\AppData\Local\Programs\Python\Python312\Lib\site-packages\sqlalchemy\engine\base.py", line 3278, in connect
    return self._connection_cls(self)
           ^^^^^^^^^^^^^^^^^^^^^^^^^^
  File "C:\Users\farrux\AppData\Local\Programs\Python\Python312\Lib\site-packages\sqlalchemy\engine\base.py", line 146, in __init__
    self._dbapi_connection = engine.raw_connection()
                             ^^^^^^^^^^^^^^^^^^^^^^^
  File "C:\Users\farrux\AppData\Local\Programs\Python\Python312\Lib\site-packages\sqlalchemy\engine\base.py", line 3302, in raw_connection
    return self.pool.connect()
           ^^^^^^^^^^^^^^^^^^^
  File "C:\Users\farrux\AppData\Local\Programs\Python\Python312\Lib\site-packages\sqlalchemy\pool\base.py", line 449, in connect
    return _ConnectionFairy._checkout(self)
           ^^^^^^^^^^^^^^^^^^^^^^^^^^^^^^^^
  File "C:\Users\farrux\AppData\Local\Programs\Python\Python312\Lib\site-packages\sqlalchemy\pool\base.py", line 1263, in _checkout
    fairy = _ConnectionRecord.checkout(pool)
            ^^^^^^^^^^^^^^^^^^^^^^^^^^^^^^^^
  File "C:\Users\farrux\AppData\Local\Programs\Python\Python312\Lib\site-packages\sqlalchemy\pool\base.py", line 712, in checkout
    rec = pool._do_get()
          ^^^^^^^^^^^^^^
  File "C:\Users\farrux\AppData\Local\Programs\Python\Python312\Lib\site-packages\sqlalchemy\pool\impl.py", line 308, in _do_get
    return self._create_connection()
           ^^^^^^^^^^^^^^^^^^^^^^^^^
  File "C:\Users\farrux\AppData\Local\Programs\Python\Python312\Lib\site-packages\sqlalchemy\pool\base.py", line 390, in _create_connection
    return _ConnectionRecord(self)
           ^^^^^^^^^^^^^^^^^^^^^^^
  File "C:\Users\farrux\AppData\Local\Programs\Python\Python312\Lib\site-packages\sqlalchemy\pool\base.py", line 674, in __init__
    self.__connect()
  File "C:\Users\farrux\AppData\Local\Programs\Python\Python312\Lib\site-packages\sqlalchemy\pool\base.py", line 900, in __connect
    with util.safe_reraise():
         ^^^^^^^^^^^^^^^^^^^
  File "C:\Users\farrux\AppData\Local\Programs\Python\Python312\Lib\site-packages\sqlalchemy\util\langhelpers.py", line 146, in __exit__
    raise exc_value.with_traceback(exc_tb)
  File "C:\Users\farrux\AppData\Local\Programs\Python\Python312\Lib\site-packages\sqlalchemy\pool\base.py", line 896, in __connect
    self.dbapi_connection = connection = pool._invoke_creator(self)
                                         ^^^^^^^^^^^^^^^^^^^^^^^^^^
  File "C:\Users\farrux\AppData\Local\Programs\Python\Python312\Lib\site-packages\sqlalchemy\engine\create.py", line 643, in connect
    return dialect.connect(*cargs, **cparams)
           ^^^^^^^^^^^^^^^^^^^^^^^^^^^^^^^^^^
  File "C:\Users\farrux\AppData\Local\Programs\Python\Python312\Lib\site-packages\sqlalchemy\engine\default.py", line 621, in connect
    return self.loaded_dbapi.connect(*cargs, **cparams)
           ^^^^^^^^^^^^^^^^^^^^^^^^^^^^^^^^^^^^^^^^^^^^
  File "C:\Users\farrux\AppData\Local\Programs\Python\Python312\Lib\site-packages\sqlalchemy\dialects\postgresql\asyncpg.py", line 953, in connect
    await_only(creator_fn(*arg, **kw)),
    ^^^^^^^^^^^^^^^^^^^^^^^^^^^^^^^^^^
  File "C:\Users\farrux\AppData\Local\Programs\Python\Python312\Lib\site-packages\sqlalchemy\util\_concurrency_py3k.py", line 132, in await_only
    return current.parent.switch(awaitable)  # type: ignore[no-any-return,attr-defined] # noqa: E501
           ^^^^^^^^^^^^^^^^^^^^^^^^^^^^^^^^
  File "C:\Users\farrux\AppData\Local\Programs\Python\Python312\Lib\site-packages\sqlalchemy\util\_concurrency_py3k.py", line 196, in greenlet_spawn
    value = await result
            ^^^^^^^^^^^^
  File "C:\Users\farrux\AppData\Local\Programs\Python\Python312\Lib\site-packages\asyncpg\connection.py", line 2443, in connect
    return await connect_utils._connect(
           ^^^^^^^^^^^^^^^^^^^^^^^^^^^^^
  File "C:\Users\farrux\AppData\Local\Programs\Python\Python312\Lib\site-packages\asyncpg\connect_utils.py", line 1249, in _connect
    raise last_error or exceptions.TargetServerAttributeNotMatched(
  File "C:\Users\farrux\AppData\Local\Programs\Python\Python312\Lib\site-packages\asyncpg\connect_utils.py", line 1218, in _connect
    conn = await _connect_addr(
           ^^^^^^^^^^^^^^^^^^^^
  File "C:\Users\farrux\AppData\Local\Programs\Python\Python312\Lib\site-packages\asyncpg\connect_utils.py", line 1050, in _connect_addr
    return await __connect_addr(params, False, *args)
           ^^^^^^^^^^^^^^^^^^^^^^^^^^^^^^^^^^^^^^^^^^
  File "C:\Users\farrux\AppData\Local\Programs\Python\Python312\Lib\site-packages\asyncpg\connect_utils.py", line 1099, in __connect_addr
    tr, pr = await connector
             ^^^^^^^^^^^^^^^
  File "C:\Users\farrux\AppData\Local\Programs\Python\Python312\Lib\site-packages\asyncpg\connect_utils.py", line 969, in _create_ssl_connection
    tr, pr = await loop.create_connection(
             ^^^^^^^^^^^^^^^^^^^^^^^^^^^^^
  File "C:\Users\farrux\AppData\Local\Programs\Python\Python312\Lib\asyncio\base_events.py", line 1140, in create_connection
    raise OSError('Multiple exceptions: {}'.format(
OSError: Multiple exceptions: [WinError 1236] Подключение к сети было разорвано локальной системой, [WinError 1231] Сетевая папка недоступна. За информацией о разрешении проблем в сети обратитесь к справочной системе Windows, [WinError 1231] Сетевая папка недоступна. За информацией о разрешении проблем в сети обратитесь к справочной системе Windows, [WinError 1231] Сетевая папка недоступна. За информацией о разрешении проблем в сети обратитесь к справочной системе Windows, [WinError 1231] Сетевая папка недоступна. За информацией о разрешении проблем в сети обратитесь к справочной системе Windows, [WinError 1231] Сетевая папка недоступна. За информацией о разрешении проблем в сети обратитесь к справочной системе Windows
2026-09-20 13:33:41,679 - INFO - __main__ - Avtomaktab bot ishga tushmoqda...
2026-09-20 13:33:42,413 - INFO - aiogram.dispatcher - Start polling
2026-09-20 13:33:42,527 - INFO - aiogram.dispatcher - Run polling for bot @dream_avtoinstructor_bot id=8951252054 - 'Moshina xayda bot'
^C2026-09-25 17:01:02,322 - INFO - __main__ - Avtomaktab bot ishga tushmoqda...
2026-09-25 17:01:02,759 - INFO - aiogram.dispatcher - Start polling
2026-09-25 17:01:02,858 - INFO - aiogram.dispatcher - Run polling for bot @dream_avtoinstructor_bot id=8951252054 - 'Moshina xayda bot'
^C2026-09-12 14:47:55,063 - INFO - __main__ - Avtomaktab bot ishga tushmoqda...
2026-09-12 14:47:55,567 - INFO - aiogram.dispatcher - Start polling
2026-09-12 14:47:55,734 - INFO - aiogram.dispatcher - Run polling for bot @dream_avtoinstructor_bot id=8951252054 - 'Moshina xayda bot'
^C2026-09-17 15:30:06,713 - INFO - __main__ - Avtomaktab bot ishga tushmoqda...
2026-09-17 15:30:07,079 - INFO - aiogram.dispatcher - Start polling
2026-09-17 15:30:07,178 - INFO - aiogram.dispatcher - Run polling for bot @dream_avtoinstructor_bot id=8951252054 - 'Moshina xayda bot'
2026-09-17 16:02:39,331 - ERROR - aiogram.dispatcher - Failed to fetch updates - TelegramNetworkError: HTTP Client says - ClientOSError: [WinError 121] Превышен таймаут семафора
2026-09-17 16:02:39,356 - WARNING - aiogram.dispatcher - Sleep for 1.000000 seconds and try again... (tryings = 0, bot id = 8951252054)
2026-09-17 16:02:51,758 - INFO - aiogram.dispatcher - Connection established (tryings = 1, bot id = 8951252054)
2026-09-17 16:51:31,315 - ERROR - aiogram.dispatcher - Failed to fetch updates - TelegramNetworkError: HTTP Client says - Request timeout error
2026-09-17 16:51:31,348 - WARNING - aiogram.dispatcher - Sleep for 1.000000 seconds and try again... (tryings = 0, bot id = 8951252054)
2026-09-17 16:51:43,794 - INFO - aiogram.dispatcher - Connection established (tryings = 1, bot id = 8951252054)
2026-09-17 17:09:26,482 - ERROR - aiogram.dispatcher - Failed to fetch updates - TelegramNetworkError: HTTP Client says - Request timeout error
2026-09-17 17:09:26,496 - WARNING - aiogram.dispatcher - Sleep for 1.000000 seconds and try again... (tryings = 0, bot id = 8951252054)
2026-09-17 17:09:38,012 - INFO - aiogram.dispatcher - Connection established (tryings = 1, bot id = 8951252054)
